-- MySQL dump 10.13  Distrib 5.5.23, for Win32 (x86)
--
-- Host: localhost    Database: ibdbv2_generic_central
-- ------------------------------------------------------
-- Server version	5.5.23-log

/*!40101 SET @OLD_CHARACTER_SET_CLIENT=@@CHARACTER_SET_CLIENT */;
/*!40101 SET @OLD_CHARACTER_SET_RESULTS=@@CHARACTER_SET_RESULTS */;
/*!40101 SET @OLD_COLLATION_CONNECTION=@@COLLATION_CONNECTION */;
/*!40101 SET NAMES utf8 */;
/*!40103 SET @OLD_TIME_ZONE=@@TIME_ZONE */;
/*!40103 SET TIME_ZONE='+00:00' */;
/*!40014 SET @OLD_UNIQUE_CHECKS=@@UNIQUE_CHECKS, UNIQUE_CHECKS=0 */;
/*!40014 SET @OLD_FOREIGN_KEY_CHECKS=@@FOREIGN_KEY_CHECKS, FOREIGN_KEY_CHECKS=0 */;
/*!40101 SET @OLD_SQL_MODE=@@SQL_MODE, SQL_MODE='NO_AUTO_VALUE_ON_ZERO' */;
/*!40111 SET @OLD_SQL_NOTES=@@SQL_NOTES, SQL_NOTES=0 */;

--
-- Dumping data for table `cv`
--

LOCK TABLES `cv` WRITE;
/*!40000 ALTER TABLE `cv` DISABLE KEYS */;
INSERT INTO `cv` (`cv_id`, `name`, `definition`) VALUES 
(1000,'IBDB TERMS','CV of terms used to annotate relationships and identify objects in the ibdb database'),
(1010,'Properties','Terms defining the factor or trait of a variable'),
(1020,'Methods','Terms representing the methods or protocols by which variables are applied or observed'),
(1030,'Scales','Terms defining the scale or units in which a variable is recorded'),
(1040,'Variables','Standard variables recorded in the dataset defined by a combination of property, method and scale terms'),
(2005,'8006','Study status - Assigned (code)'),
(2010,'8070','Study type - assigned (type)'),
(2020,'8160','Dataset type -assigned (dstype)'),
(2030,'8130','Study release - assigned (date)'),
(2040,'8135','Experimental design - assigned (type)'),
(2050,'8255','Entry type - assigned (type)'),
(2070,'8371','Season - Assigned (Code)'),
(3010,'18050','Disease pressure - visual assessment (score)'),
(3020,'18080','Plant vigor - visual assessment at seedling stage (score)'),
(3030,'18090','Pest pressure - visual assessment at maturity (score)'),
(3040,'8065','Nursery type - assigned (type)'),
(3050,'8066','Nursery generation'),
(3060,'8133','RMAP'),
(3070,'8146','POIL'),
(3080,'8413','CHECK_PLAN'),
(3090,'8590','PDATE_TREAT');
/*!40000 ALTER TABLE `cv` ENABLE KEYS */;
UNLOCK TABLES;

--
-- Dumping data for table `cvterm`
--

LOCK TABLES `cvterm` WRITE;
/*!40000 ALTER TABLE `cvterm` DISABLE KEYS */;
INSERT INTO `cvterm` (`cvterm_id`, `cv_id`, `name`, `definition`, `dbxref_id`, `is_obsolete`, `is_relationshiptype`) VALUES 
(1000,1000,'IBDB structure','Terms defining elements and relationships in the IBDB data model',NULL,0,0),
(1001,1000,'IBDB class','Terms in this class specify groupings of terms in an ontology',NULL,0,0),
(1002,1000,'IBDB data type','Terms which describe the data type of a variable',NULL,0,0),
(1003,1000,'IBDB element','Terms which describe the data model element and schema storage location for values of a variable',NULL,0,0),
(1010,1000,'Study Information','Study element with label levels stored in projectprop.value study constant values in phenotype',NULL,0,0),
(1011,1000,'Study name','Study name stored in project.name',NULL,0,0),
(1012,1000,'Study title','Study title stored in project.description',NULL,0,0),
(1015,1000,'Dataset Information','Dataset element with label values stored in projectprop.value',NULL,0,0),
(1016,1000,'Dataset name','Dataset name stored in project.description',NULL,0,0),
(1017,1000,'Dataset description','Dataset description stored in project.description',NULL,0,0),
(1020,1000,'Trial environment information','Trial environment information trial condition labels stored in nd_geolocationprop.value and trial constant values stored in phenotype',NULL,0,0),
(1021,1000,'Trial instance','Trial instance number stored in nd_geolocation.description',NULL,0,0),
(1022,1000,'Latitude','Georeference data stored in nd_geolocation.latitude',NULL,0,0),
(1023,1000,'Longitude','Georeference data stored in nd_geolocation.longitude',NULL,0,0),
(1024,1000,'Datum','Georeference geodetic datup stored in nd_geolocation.geodetic_datum',NULL,0,0),
(1025,1000,'Altitude','Georeference altitude stored in nd_geolocation.altitude',NULL,0,0),
(1030,1000,'Trial design information','Field trial design and layout information stored in nd_experimentprop.value',NULL,0,0),
(1035,1000,'Treatment factor','Label variable containing levels of a non-germplasm treatment factor stored in nd_experimentprop.value',NULL,0,0),
(1037,1000,'Sub-sampling factor','Label variable containing levels of sub sample units within plots stored in nd_experimentprop.value',NULL,0,0),
(1040,1000,'Germplasm entry','Germplasm entry information stored in stockprop.value',NULL,0,0),
(1041,1000,'Entry number','Germplasm entry number unique within in a study stored in stock.uniquename',NULL,0,0),
(1042,1000,'Entry GID','GMS germplasm identifier stored in stock.dbxref_id',NULL,0,0),
(1043,1000,'Observation variate','Phenotypic data stored in phenotype.value',NULL,0,0),
(1044,1000,'stored in','Relates a variable to the schema element where its values are stored',NULL,0,1),
(1045,1000,'Crop research ontology','Crop research ontology class',NULL,0,0),
(1046,1000,'Entry designation','GMS germplasm name stored in stock.name',NULL,0,0),
(1047,1000,'Entry code','Germplasm entry code assigned within a study stored in stock.value',NULL,0,0),
(1048,1000,'Categorical variate','Categorical variate with values stored in phenotype.cvalue_id',NULL,0,0),
(1050,1000,'Study condition','Study condition class',NULL,0,0),
(1055,1000,'Dataset Condition','Dataset condition class',NULL,0,0),
(1060,1000,'Variable description','Description of  a variable',NULL,0,0),
(1070,1000,'Standardvariableid','Standard variable id',NULL,0,0),
(1080,1000,'Trial environment','Environmental condition class',NULL,0,0),
(1085,1000,'Trial management','Trial management term class',NULL,0,0),
(1086,1000,'Variate condition','Variate condition label',NULL,0,0),
(1087,1000,'Germplasm','Germplasm term class',NULL,0,0),
(1090,1000,'Class','Class of terms in a cv',NULL,0,0),
(1100,1000,'Trial Design','Trial Design class',NULL,0,0),
(1105,1000,'has type','Relates a data type to a standard variable',NULL,0,1),
(1110,1000,'Numeric variable','Variable with numeric values either continuous or integer',NULL,0,0),
(1113,1000,'Minimum value','Minimum value allowed for a numeric variable',NULL,0,0),
(1115,1000,'Maximum value','Maximum value allowed for a numeric variable',NULL,0,0),
(1116,1000,'Expression','Formula for computation of a standard variable',NULL,0,0),
(1117,1000,'Date variable','Date - numeric value in format yyyymmdd with least significant parts set to zero acording to precision',NULL,0,0),
(1118,1000,'Numeric DBID  variable','Integer database ID (may be negative)',NULL,0,0),
(1120,1000,'Character  variable','Variable with character values',NULL,0,0),
(1125,1000,'Timestamp  variable','Character variable in format yyyy-mm-dd:hh:mm:ss:nnn with least significant parts omitted acording to precision',NULL,0,0),
(1128,1000,'Character DBID  variable','Character database ID',NULL,0,0),
(1130,1000,'Categorical  variable','Variable with discrete class values (numeric or character all treated as character)',NULL,0,0),
(1140,1000,'is a sub-folder of','Relates a folder project to its parent folder project',NULL,0,1),
(1145,1000,'is a study in','Relates a study project to its parent folder project',NULL,0,1),
(1150,1000,'is a dataset of','Relates a dataset project to its study project',NULL,0,1),
(1155,1000,'Plot','Field plot type of experiment',NULL,0,0),
(1160,1000,'Sample','Sample type of experiment',NULL,0,0),
(1170,1000,'Average','Average type of experiment',NULL,0,0),
(1180,1000,'Summary','Summary type of experiment',NULL,0,0),
(1190,1000,'has value','Relationship between a standard categorical variable and its valid values',NULL,0,1),
(1200,1000,'has property','Relationship between a standard variable and a property tem',NULL,0,1),
(1210,1000,'has method','Relationship between a standard variable and a method tem',NULL,0,1),
(1220,1000,'has scale','Relationship between a standard variable and a scale tem',NULL,0,1),
(1225,1000,'is a','Hierarchical relationship between terms',NULL,0,1),
(1226,1000,'Crop ontology term ID','ID string from the crop ontology database',NULL,0,0),
(1227,1000,'Abbreviated English name','Abbreviated term name in English',NULL,0,0),
(1230,1000,'Alternative English name','Alternative English name',NULL,0,0),
(1240,1000,'Preferred French name','Preferred French name',NULL,0,0),
(1250,1000,'Alternative French name','Alternative French name',NULL,0,0),
(1251,1000,'Abbreviated French name','Abbreviated French name',NULL,0,0),
(1252,1000,'Preferred Spanish name','Preferred Spanish name',NULL,0,0),
(1253,1000,'Alternative Spanish name','Alternative Spanish name',NULL,0,0),
(1254,1000,'Abbreviated Spanish name','Abbreviated Spanish name',NULL,0,0),
(1255,1000,'Preferred Chinese name','Preferred Chinese name',NULL,0,0),
(1256,1000,'Alternative Chinese name','Alternative Chinese name',NULL,0,0),
(1257,1000,'Abbreviated Chinese name','Abbreviated Chinese name',NULL,0,0),
(1260,1000,'Seed storage','Seed storage term class',NULL,0,0),
(1270,1000,'Breeding process','Breeding process term class',NULL,0,0),
(1280,1000,'Abiotic condition','Abiotic condition term class',NULL,0,0),
(1290,1000,'Biotic condition','Biotic condition term class',NULL,0,0),
(1300,1000,'Site condition','Site condition term class',NULL,0,0),
(1310,1000,'Soil condition','Soil condition term class',NULL,0,0),
(1320,1000,'Climatic condition','Climatic condition term class',NULL,0,0),
(1321,1000,'Molecular property','Molecular property',NULL,0,0),
(1330,1000,'Crop trait ontology','Crop Ontology Trait class',NULL,0,0),
(1340,1000,'Agronomic','Agronomic',NULL,0,0),
(1345,1000,'Physiological','Physiological trait',NULL,0,0),
(1350,1000,'Morphological','Morphological',NULL,0,0),
(1360,1000,'Biotic stress','Biotic stress',NULL,0,0),
(1361,1000,'Biotic stress - Entomology','Biotic stress - Entomology',NULL,0,0),
(1362,1000,'Biotic stress - Pathology','Biotic stress - Pathology',NULL,0,0),
(1363,1000,'Biotic stress - Virology','Biotic stress - Virology',NULL,0,0),
(1364,1000,'Biochemical trait','Class for biochemical traits',NULL,0,0),
(1370,1000,'Grain quality','Grain quality',NULL,0,0),
(1380,1000,'Passport','Passport',NULL,0,0),
(1390,1000,'Disease resistance','Disease resistance',NULL,0,0),
(1400,1000,'Insect and pest resistance','Insect and pest resistance',NULL,0,0),
(1410,1000,'Abiotic stress','Abiotic stress',NULL,0,0),
(1420,1000,'Order','Specifies the order property for the valid values of a categorical variable',NULL,0,0),
(1430,1000,'Yield component','Yield component trait',NULL,0,0),
(1440,1000,'Phenology','Phenological trait',NULL,0,0),
(1450,1000,'Post harvest','Post harvest trait',NULL,0,0),
(1460,1000,'Breeding methods','Breeding Method Class',NULL,0,0),
(1470,1000,'Generative breeding methods','Breeding methods which increasde the genetic variability of a strain',NULL,0,0),
(1480,1000,'Derivative breeding methods','Breeding methods which reduce or focus genetic variability of a strain',NULL,0,0),
(1490,1000,'Bulking breeding methods','Derivative breeding methods which produce a single strain from a source',NULL,0,0),
(1510,1000,'Non-bulking breeding methods','Derivative breeding methods which may produce strains from a source',NULL,0,0),
(1520,1000,'Maintenance methods','Germplasm management methods which maintain the genetic variability of a strain',NULL,0,0),
(1530,1000,'Seed increase methods','Methods designed to increase seed stocks of a strain',NULL,0,0),
(1540,1000,'Seed acquisation methods','Methods used to acquire samples of germplasm',NULL,0,0),
(1550,1000,'Cultivar formation methods','Methods indicating strains that have been produced for cultivation on farms',NULL,0,0),
(1560,1000,'Crossing methods','Methods involving directed pollination',NULL,0,0),
(1570,1000,'Mutation methods','Methods exploiting natural or induced mutation to increase genetic variability',NULL,0,0),
(1580,1000,'Cytogenetic manipulation','Methods using cytogenetics to manage genetic variability',NULL,0,0),
(1590,1000,'Genetic Modification','Genetic engineering methods used to increase genetic variation',NULL,0,0),
(2000,1010,'Project','Project or program',NULL,0,0),
(2002,1010,'User','Database user',NULL,0,0),
(2010,1010,'Study','Experiment, nursery, survey  within a project or program',NULL,0,0),
(2012,1010,'Study title','Title of the study',NULL,0,0),
(2014,1010,'Study objective','Objective of the study',NULL,0,0),
(2015,1010,'Study status','Status of the study (active, locked, deleted)',NULL,0,0),
(2020,1010,'Dataset','Dataset within a study',NULL,0,0),
(2030,1010,'Dataset title','Title or description of a dataset',NULL,0,0),
(2040,1010,'Creation date','Date an entity was created',NULL,0,0),
(2045,1010,'Update date','Date updated',NULL,0,0),
(2050,1010,'Start date','Start date of the study',NULL,0,0),
(2052,1010,'End date','End date of the study',NULL,0,0),
(2053,1010,'Observation time','Observation time',NULL,0,0),
(2054,1010,'Planting date','Planting date',NULL,0,0),
(2056,1010,'Transplanting date','Transplanting date',NULL,0,0),
(2058,1010,'Harvest date','Harvest date',NULL,0,0),
(2060,1010,'Measurement date','Measurement date',NULL,0,0),
(2065,1010,'Comment','Comment',NULL,0,0),
(2070,1010,'Institute','Institute',NULL,0,0),
(2080,1010,'Person','Person',NULL,0,0),
(2090,1010,'Ownership','Ownership and intellectual property status',NULL,0,0),
(2100,1010,'Trial instance','Identifier for an individual experiment in a multi environemt trial',NULL,0,0),
(2105,1010,'Nursery','Nursery',NULL,0,0),
(2110,1010,'Location','Location',NULL,0,0),
(2120,1010,'Field plot','Identifier for a plot within a trial',NULL,0,0),
(2122,1010,'Plot size','Plot size',NULL,0,0),
(2123,1010,'Rows per plot','Rows per plot',NULL,0,0),
(2124,1010,'Harvest area','Harvest area',NULL,0,0),
(2126,1010,'Row length','Row length',NULL,0,0),
(2128,1010,'Row spacing','Row spacing',NULL,0,0),
(2129,1010,'Plant spacing','Plant spacing',NULL,0,0),
(2130,1010,'Sample unit','Sample unit',NULL,0,0),
(2140,1010,'Experimental design','Experimental design',NULL,0,0),
(2141,1010,'ED - nrep','Experimental design parameter - number of reps',NULL,0,0),
(2142,1010,'ED - block size','Experimental design parameter - block size',NULL,0,0),
(2143,1010,'ED - rep arrangement','Experimental design parameter - rep arrangement',NULL,0,0),
(2144,1010,'ED - reps per column','Experimental design parameter - reps per column',NULL,0,0),
(2145,1010,'ED - rows in reps','Experimental design parameter - rows in reps',NULL,0,0),
(2146,1010,'ED - cols in reps','Experimental design parameter - columns in reps',NULL,0,0),
(2147,1010,'ED - rows to latinize','Experimental design parameter - contiguous rows to latinize',NULL,0,0),
(2148,1010,'ED - cols to latinize','Experimental design parameter - contiguous columns to latinize',NULL,0,0),
(2149,1010,'ED - ranges in reps','Experimental design parameter - ranges in reps',NULL,0,0),
(2150,1010,'Replication factor','Identifier for each replication within an experiment',NULL,0,0),
(2151,1010,'ED - blocks to latinize','Experimental design parameter - contiguous blocks to latinize',NULL,0,0),
(2152,1010,'ED - plot order','Experimental design parameter - plot order in layout',NULL,0,0),
(2153,1010,'ED - check start','Experimental design parameter - check entry start position',NULL,0,0),
(2154,1010,'ED - check interval','Experimental design parameter - number of test plots between checks',NULL,0,0),
(2155,1010,'ED - check plan','Experimental design parameter - singel or multiple check plots',NULL,0,0),
(2160,1010,'Blocking factor','Identifier for each block within a trial or replication',NULL,0,0),
(2170,1010,'Row in layout','Identifier for a row in the trial layout',NULL,0,0),
(2180,1010,'Column in layout','Identifier for a column in the trial layout',NULL,0,0),
(2182,1010,'Plots sown','Plots sown',NULL,0,0),
(2190,1010,'Sample order','Sequence order for sampling or measurements',NULL,0,0),
(2191,1010,'BLOCK_ID_PROP','BLOCK_ID_PROP',NULL,0,0),
(2200,1010,'Germplasm entry','Germplasm entry',NULL,0,0),
(2205,1010,'Germplasm id','Germplasm identifier',NULL,0,0),
(2206,1010,'Germplasm group','Germplasm group',NULL,0,0),
(2207,1010,'Cross history','Pedigree string',NULL,0,0),
(2208,1010,'Seed source','Seed source',NULL,0,0),
(2209,1010,'Entry type','Entry type',NULL,0,0),
(2210,1010,'Plant stand','Plant stand',NULL,0,0),
(2220,1010,'Topography','This refers to the profile in elevation of the land surface on a broad scale. the reference is fao (1990).',NULL,0,0),
(2230,1010,'Landform','The landform refers to the shape of the land surface in the area in which the collecting site is located (adapted from fao, 1990).',NULL,0,0),
(2240,1010,'Geomorphology','Description of the geomorphology of the immediate surroundings of the collecting site (adapted from fao, 1990).',NULL,0,0),
(2250,1010,'Slope','Land slope',NULL,0,0),
(2260,1010,'Altitude','Altitude',NULL,0,0),
(2270,1010,'Latitude','Latitude',NULL,0,0),
(2280,1010,'Longitude','Longitude',NULL,0,0),
(2285,1010,'Geodetic datum','Geodetic datum used for georeference',NULL,0,0),
(2290,1010,'Soil type','Soil type',NULL,0,0),
(2300,1010,'Soil texture','Soil texture',NULL,0,0),
(2305,1010,'Soil depth','Soil depth',NULL,0,0),
(2310,1010,'Soil clay','Soil clay content',NULL,0,0),
(2320,1010,'Soil sand','Soil sand content',NULL,0,0),
(2325,1010,'Soil silt','Soil silt content',NULL,0,0),
(2330,1010,'Soil organic','Soil organic content',NULL,0,0),
(2340,1010,'Soil acidity','Soil acidity',NULL,0,0),
(2350,1010,'Soil salinity','Soil salinity',NULL,0,0),
(2360,1010,'Soil moisture','Soil moisture',NULL,0,0),
(2370,1010,'Soil color','Soil color',NULL,0,0),
(2380,1010,'Soil erosion','Soil erosion',NULL,0,0),
(2390,1010,'Soil fertility','Soil fertility',NULL,0,0),
(2400,1010,'Soil toxicity','Soil toxicity',NULL,0,0),
(2403,1010,'Soil nutrient','Soil nutrient',NULL,0,0),
(2405,1010,'Fertilizer','Fertilizer application',NULL,0,0),
(2410,1010,'Nitrogen','Nitrogen',NULL,0,0),
(2420,1010,'Phosphorus','Phosphorus',NULL,0,0),
(2430,1010,'Potassium','Potassium',NULL,0,0),
(2440,1010,'Micronutrient','Micronutrient',NULL,0,0),
(2450,1010,'Ecosystem','Ecosystem',NULL,0,0),
(2451,1010,'Environment','Environment',NULL,0,0),
(2452,1010,'Season','Growing season',NULL,0,0),
(2460,1010,'Farming system','Farming system',NULL,0,0),
(2470,1010,'Rainfall','Rainfall',NULL,0,0),
(2475,1010,'Water quality','Water quality',NULL,0,0),
(2477,1010,'Flooding','Flooding',NULL,0,0),
(2478,1010,'Submergence','Submergence',NULL,0,0),
(2480,1010,'Temperature','Temperature',NULL,0,0),
(2481,1010,'Minimum temperature','Minimum temperature',NULL,0,0),
(2482,1010,'Maximum temperature','Maximum temperature',NULL,0,0),
(2490,1010,'Light conditions','Light conditions',NULL,0,0),
(2495,1010,'Solar radiation','Solar radiation',NULL,0,0),
(2500,1010,'Irrigation','Irrigation applied',NULL,0,0),
(2510,1010,'Plant protection','Plant protection applied',NULL,0,0),
(2515,1010,'Weed protection','Weed protection applied',NULL,0,0),
(2520,1010,'Insect protection','Insect protection applied',NULL,0,0),
(2530,1010,'Disease protection','Disease protection applied',NULL,0,0),
(2540,1010,'Pest protection','Pest protection applied',NULL,0,0),
(2550,1010,'Insect damage','Insect damage',NULL,0,0),
(2560,1010,'Disease damage','Disease damage',NULL,0,0),
(2570,1010,'Drought stress','Drought stress',NULL,0,0),
(2580,1010,'Heat stress','Heat stress',NULL,0,0),
(2590,1010,'Evaporation','Evaporation',NULL,0,0),
(2600,1010,'Transpiration','Transpiration',NULL,0,0),
(2610,1010,'Seed storage location','Seed storage location',NULL,0,0),
(2620,1010,'Inventory amount','Amount of inventory stored or withdrawn',NULL,0,0),
(2630,1010,'Seed storage units','Seed storage units',NULL,0,0),
(2640,1010,'Seed germination','Seed germination',NULL,0,0),
(2650,1010,'Seed storage date','Seed storage date',NULL,0,0),
(2655,1010,'IP status','Ownership and useage/distribution restrictions on germplasm',NULL,0,0),
(2657,1010,'IMS lot','Combination of germplasm id, storage location, storage units',NULL,0,0),
(2660,1010,'Selections','Indicates if propagules from any source germplas are advanced and depending on the method how may lines are advanced',NULL,0,0),
(2670,1010,'Breeding method','Breeding or maintenance method of germplasm',NULL,0,0),
(2680,1010,'Seed harvested','Seed harvested',NULL,0,0),
(4000,1020,'Not specified','Method not specified',NULL,0,0),
(4010,1020,'Conducted','Procedure or experiment conducted',NULL,0,0),
(4020,1020,'Applied','Factor applied',NULL,0,0),
(4025,1020,'Planted','Field planted',NULL,0,0),
(4030,1020,'Assigned','Term, name or id assigned',NULL,0,0),
(4040,1020,'Enumerated','Levels enumerated - 1,2,3',NULL,0,0),
(4050,1020,'Selected','Selected',NULL,0,0),
(4060,1020,'Described','Described',NULL,0,0),
(4070,1020,'Ph meter','Ph meter method',NULL,0,0),
(4080,1020,'Counted','Counting method',NULL,0,0),
(4090,1020,'Weighed','Weighing method',NULL,0,0),
(4100,1020,'Field trial','Field trial method',NULL,0,0),
(4110,1020,'Observed','Value recorded after observation',NULL,0,0),
(4111,1020,'Observation 1','First observation',NULL,0,0),
(4112,1020,'Observation 2','Second observation',NULL,0,0),
(4113,1020,'Observation 3','Third observation',NULL,0,0),
(4120,1020,'Chemical assay','Chemical assay',NULL,0,0),
(4130,1020,'Average','Average of values',NULL,0,0),
(6000,1030,'DBCV','Controlled vocabulary from a database',NULL,0,0),
(6010,1030,'DBID','Identifier from a database',NULL,0,0),
(6014,1030,'Breeding generation','Breeding generation of a population',NULL,0,0),
(6015,1030,'BMETH_CODE','Breeding method code (from the METHODS list)',NULL,0,0),
(6016,1030,'LOC_ABBR','Location abbreviation (from LOCATION.LABBR)',NULL,0,0),
(6020,1030,'Text','Text',NULL,0,0),
(6025,1030,'CSSI','Comma delimited string of integers',NULL,0,0),
(6030,1030,'Name','Name',NULL,0,0),
(6035,1030,'Number per plant','Number per plant',NULL,0,0),
(6036,1030,'Number per m**2','Number per square meter',NULL,0,0),
(6040,1030,'Number','Number',NULL,0,0),
(6041,1030,'Decimal + for N, - for S','The decimal latitude coordinate of the georeference, using positive and negative sign to indicate N and S, respectively',NULL,0,0),
(6042,1030,'Decimal + for E, - for W','The decimal longitude coordinate of the georeference, using positive and negative sign to indicate E and W, respectively.',NULL,0,0),
(6045,1030,'Nested number','Number unique across the groups of a nesting factor',NULL,0,0),
(6050,1030,'Code','Code',NULL,0,0),
(6060,1030,'Date (yyyymmdd)','Date (yyyymmdd)',NULL,0,0),
(6064,1030,'Year-month (yyyymm)','Year and month (yyyymm)',NULL,0,0),
(6065,1030,'Year (yyyy)','Year (yyyy)',NULL,0,0),
(6066,1030,'Month (mm)','Month (mm)',NULL,0,0),
(6067,1030,'Day (dd)','Day (dd)',NULL,0,0),
(6070,1030,'Type','Type',NULL,0,0),
(6080,1030,'Status','Status',NULL,0,0),
(6084,1030,'ml','mililitres',NULL,0,0),
(6085,1030,'cm','centemeters',NULL,0,0),
(6086,1030,'m','meters',NULL,0,0),
(6087,1030,'g','grams',NULL,0,0),
(6088,1030,'kg','kilograms',NULL,0,0),
(6089,1030,'l','litres',NULL,0,0),
(6090,1030,'Kg/ha','Kg/ha scale',NULL,0,0),
(6095,1030,'m**2','meters squared',NULL,0,0),
(6100,1030,'pH','pH scale',NULL,0,0),
(6105,1030,'Packets','Number of packets',NULL,0,0),
(6110,1030,'Accession name','Unique accession number or name in a genebank or germplasm collection',NULL,0,0),
(6115,1030,'Pedigree string','Pedigree string',NULL,0,0),
(6120,1030,'Degree centigrade','Degree centigrade',NULL,0,0),
(6130,1030,'mm*2','square milimeters',NULL,0,0),
(6140,1030,'Plot Coordinate','Plot Coordinate',NULL,0,0),
(8005,1040,'STUDY_NAME','Study - assigned (DBCV)',NULL,0,0),
(8006,1040,'STUDY_STATUS','Study status - Assigned (code)',NULL,0,0),
(8007,1040,'STUDY_TITLE','Study title - assigned (text)',NULL,0,0),
(8008,1040,'STUDY_DATE','Date the study was created',NULL,0,0),
(8009,1040,'STUDY_UPDATE','Date the study was last updated - assigned (YYYYMMDD)',NULL,0,0),
(8010,1040,'USER_NAME','Study user - assigned (DBCV)',NULL,0,0),
(8020,1040,'Study_UID','ID of the user entering the study data - assigned (DBID)',NULL,0,0),
(8021,1040,'Dataset_UID','ID of the user entering the dataset - assigned (DBID)',NULL,0,0),
(8030,1040,'STUDY_OBJECTIVE','Objective - described (text)',NULL,0,0),
(8040,1040,'PM_KEY','Project management key - assigned (text)',NULL,0,0),
(8050,1040,'START_DATE','Start date - assigned (date)',NULL,0,0),
(8060,1040,'END_DATE','End date - assigned (date)',NULL,0,0),
(8065,1040,'NURSERY_TYPE','Type of nursery -assigned (type)',NULL,0,0),
(8066,1040,'Generation','Nursery generation',NULL,0,0),
(8070,1040,'STUDY_TYPE','Study type - assigned (type)',NULL,0,0),
(8071,1040,'STUDY_CODE','Study code - assigned (text)',NULL,0,0),
(8080,1040,'STUDY_INSTITUTE','Study institute - conducted (DBCV)',NULL,0,0),
(8090,1040,'INSTITUTE_ID','Study institute ID - conducted (DBID)',NULL,0,0),
(8100,1040,'PI_NAME','Principal investigator - assigned (DBCV)',NULL,0,0),
(8110,1040,'PI_ID','Principal investigator - assigned (DBID)',NULL,0,0),
(8115,1040,'PI_NAME_TEXT','Principal investigator - assigned (Name)',NULL,0,0),
(8120,1040,'STUDY_IP','Study IP status - assigned (status)',NULL,0,0),
(8130,1040,'RELEASE_DATE','Study release - assigned (date)',NULL,0,0),
(8131,1040,'NREP','Number of replications in an experiment',NULL,0,0),
(8132,1040,'BSIZE','Block Size for incomplete block designs',NULL,0,0),
(8133,1040,'RMAP','Replications will be arranged in the field as: 1. single row, 2. single column, or 3. adjacent columns',NULL,0,0),
(8134,1040,'NREPC','Number of reps in each column, running from left to right: (noted as numbers separated by colmmas, e.g. 1,1,1)',NULL,0,0),
(8135,1040,'EXPT_DESIGN','Experimental design - assigned (type)',NULL,0,0),
(8136,1040,'NRREP','Number of rows in replications:',NULL,0,0),
(8137,1040,'NCREP','Number of columns in replications:',NULL,0,0),
(8138,1040,'NRLAT','Number of contiguous rows to latinize:',NULL,0,0),
(8139,1040,'NCLAT','Number of contiguous columns to latinize:',NULL,0,0),
(8140,1040,'DATASET_ID','Data set ID - assigned (DBID)',NULL,0,0),
(8142,1040,'NBLAT','Number of contiguous blocks to latinize',NULL,0,0),
(8143,3060,'1','Reps in single row',NULL,0,0),
(8144,3060,'2','Reps in single column',NULL,0,0),
(8145,3060,'3','Reps in adjacent columns',NULL,0,0),
(8146,1040,'POIL','Plot order in layout',NULL,0,0),
(8147,3070,'1','Plot order by rows',NULL,0,0),
(8148,3070,'2','Plot order by columns',NULL,0,0),
(8149,3070,'3','Serpentine by rows',NULL,0,0),
(8150,1040,'DATASET_NAME','Dataset name - assigned (DBCV)',NULL,0,0),
(8151,3070,'4','Serpentine by columns',NULL,0,0),
(8155,1040,'DATASET_TITLE','Dataset title - assigned (Text)',NULL,0,0),
(8160,1040,'DATASET_TYPE','Dataset type -assigned (type)',NULL,0,0),
(8170,1040,'TRIAL_INSTANCE','Trial instance - enumerated (number)',NULL,0,0),
(8180,1040,'LOCATION_NAME','Location - selected (DBCV)',NULL,0,0),
(8185,1040,'TRIAL_CODE','Trial code - assigned (text)',NULL,0,0),
(8186,1040,'TRIAL_LOCATION_TEXT','Location - assigned (Name)',NULL,0,0),
(8189,1040,'LOCATION_ABBR','Location code - assigned (LOC_ABBR)',NULL,0,0),
(8190,1040,'LOCATION_ID','Location - selected (DBID)',NULL,0,0),
(8195,1040,'SITE_CODE','Site code - assigned (text)',NULL,0,0),
(8196,1040,'SITE_NAME','Site name - Assigned (text)',NULL,0,0),
(8200,1040,'PLOT_NO','Field plot - enumerated (number)',NULL,0,0),
(8210,1040,'REP_NO','Replication - assigned (number)',NULL,0,0),
(8220,1040,'BLOCK_NO','Block - assigned (number)',NULL,0,0),
(8221,1040,'SUB_BLOCK','Sub-block or incomplete block in a field design - assigned (number)',NULL,0,0),
(8222,1040,'SUB_PLOT','Sub-plot sampling unit within a field plot -assigned (number)',NULL,0,0),
(8230,1040,'ENTRY_NO','Germplasm entry - enumerated (number)',NULL,0,0),
(8240,1040,'GID','Germplasm identifier - assigned (DBID)',NULL,0,0),
(8241,1040,'NFERT_NO','Nitrogen fertilizer treatment level (1,2, …)',NULL,0,0),
(8250,1040,'DESIGNATION','Germplasm identifier - assigned (DBCV)',NULL,0,0),
(8251,1040,'STUDY_BM_CODE','Breeding method applied to all plots in a study (CODE)',NULL,0,0),
(8252,1040,'BM_CODE_VTE','Breeding method observed on each plot (CODE)',NULL,0,0),
(8253,1040,'PLOT_BM_CODE','Breeding method applied to each plot in a study (CODE)',NULL,0,0),
(8255,1040,'ENTRY_TYPE','Entry type (test/check)- assigned (type)',NULL,0,0),
(8256,1040,'STUDY_BMETH','Breeding method applied to all plots (DBCV)',NULL,0,0),
(8257,1040,'STUDY_BM_ID','ID of breeding method applied to all plots (DBID)',NULL,0,0),
(8258,1040,'PLOT_BMETH','Breeding method applied to each plot (DBCV)',NULL,0,0),
(8259,1040,'PLOT_BM_ID','ID of breeding method applied to each plot (DBID)',NULL,0,0),
(8260,1040,'NFERT_TREAT','N fertilizer treatment - applied (kg/ha)',NULL,0,0),
(8261,1040,'BMETH_VTE','Breeding method observed on each plot (DBCV)',NULL,0,0),
(8262,1040,'BM_ID_VTE','ID of breeding method observed on each plot (DBID)',NULL,0,0),
(8263,1040,'NPSEL','Number of plants selected - counted (number)',NULL,0,0),
(8264,1040,'SEED_AMOUNT_g','Seed inventory amount deposited or withdrawn (g)',NULL,0,0),
(8265,1040,'NFERT_MGMT','N fertilizer management level- applied (kg/ha)',NULL,0,0),
(8266,1040,'SEED_AMOUNT_No','Seed inventory amount deposited or withdrawn (no)',NULL,0,0),
(8267,1040,'SEED_AMOUNT_kg','Seed inventory amount deposited or withdrawn (kg)',NULL,0,0),
(8268,1040,'SEED_AMOUNT_Packets','Seed inventory amount deposited or withdrawn (packets)',NULL,0,0),
(8270,1040,'SITE_SOIL_PH','Soil acidity - ph meter (pH)',NULL,0,0),
(8280,1040,'YEAR_OBS','Year of observation - Not specified (Year)',NULL,0,0),
(8282,1040,'MONTH_OBS','Month of observation - Not specified (Month)',NULL,0,0),
(8284,1040,'DAY_OBS','Day of observation - Not specified (Day)',NULL,0,0),
(8300,1040,'ENTRY_CODE','Germplasm ID - Assigned (Code)',NULL,0,0),
(8310,1040,'ACCNO','Germplasm ID - Assigned (Accession name)',NULL,0,0),
(8320,1040,'GERM_SOURCE','Germplasm ID - Selected (Name)',NULL,0,0),
(8330,1040,'MGID','Germplasm group - Assigned (DBID)',NULL,0,0),
(8340,1040,'GROUP','Germplasm group - Assigned (Text)',NULL,0,0),
(8350,1040,'PLOT_CODE','Field plot - Assigned (Code)',NULL,0,0),
(8360,1040,'SEED_SOURCE','Seed source - Selected (Code)',NULL,0,0),
(8369,1040,'CROP_SESN_MONTH','Crop season start month (YYYYMM)',NULL,0,0),
(8370,1040,'CROP_SEASON','Season - Assigned (Text)',NULL,0,0),
(8371,1040,'CROP_SESNCD','Season - Assigned (Code)',NULL,0,0),
(8372,1040,'COOPERATOR_ID','COOPERATOR ID -Assigned (DBID)',NULL,0,0),
(8373,1040,'COOPERATOR','COOPERATOR NAME',NULL,0,0),
(8377,1040,'CROSS','The pedigree string of the germplasm',NULL,0,0),
(8378,1040,'SOURCE','The seed source of the germplasm - selected (Name)',NULL,0,0),
(8380,1040,'PLOT_NNO','Plot number distinct over trials - enumerated (nested number)',NULL,0,0),
(8383,1040,'SEEDING_DATE','Date Seeded - applied (yyyymmdd)',NULL,0,0),
(8384,1040,'TRNSPL_DATE','Date Transplanted -applied (yyyymmdd)',NULL,0,0),
(8385,1040,'PLANT_DENSITY','Plant Density',NULL,0,0),
(8386,1040,'ROWS_PLOT','Number of rows/plot used throught a trial or nursery',NULL,0,0),
(8387,1040,'ROW_SPACING','Spacing between rows used throughout a trial or nursery',NULL,0,0),
(8388,1040,'PLOT_ROWS','Number of plant rows per plot (each plot may differ)',NULL,0,0),
(8390,1040,'NOTES','Field notes - observed (text)',NULL,0,0),
(8391,1040,'NOTE_1','First comment (used for one of a series of notes needed for any reason)',NULL,0,0),
(8392,1040,'NOTE_2','Second comment (used for one of a series of notes needed for any reason)',NULL,0,0),
(8393,1040,'NOTE_3','Third comment (used for one of a series of notes needed for any reason)',NULL,0,0),
(8400,1040,'FIELDMAP COLUMN','Column coordinate of plot in fieldplan',NULL,0,0),
(8410,1040,'FIELDMAP RANGE','Row coordinate of plot in fieldplan',NULL,0,0),
(8411,1040,'CHECK_START','Plot position where first check will be inserted',NULL,0,0),
(8412,1040,'CHECK_INTERVAL','Number of plots between check insertion points',NULL,0,0),
(8413,1040,'CHECK_PLAN','Check insertion method - 1=insert each check in turn, 2= insert all checks at each position',NULL,0,0),
(8414,3080,'1','Insert each check in turn',NULL,0,0),
(8415,3080,'2','Insert all checks at each position',NULL,0,0),
(8580,1000,'General','General trait class',NULL,0,0),
(8581,1040,'ROW','Row number within a row-column design',NULL,0,0),
(8582,1040,'COL','Column number within a row-column design',NULL,0,0),
(8583,1040,'BLOCK_ID','ID of a Block within a field',NULL,0,0),
(8584,1040,'BLOCK_NAME','Name of a Block within a field',NULL,0,0),
(8590,1040,'PDATE_TREAT','Planting date treatment',NULL,0,0),
(8600,1040,'PDATE_NO','Planting date treatment level (1,2, …)',NULL,0,0),
(8611,3090,'Early','Early planting date',NULL,0,0),
(8612,3090,'Late','Late planting date',NULL,0,0),
(10000,2010,'N','Nursery',NULL,0,0),
(10001,2010,'HB','Hybridization nursery',NULL,0,0),
(10002,2010,'PN','Pedigree nursery',NULL,0,0),
(10003,2010,'CN','Characterization nursery',NULL,0,0),
(10005,2010,'OYT','Observational yield trial',NULL,0,0),
(10010,2010,'T','Trial',NULL,0,0),
(10015,2010,'RYT','Replicated yield trial',NULL,0,0),
(10017,2010,'OFT','On farm trial',NULL,0,0),
(10020,2010,'S','Survey',NULL,0,0),
(10030,2010,'E','Experiment',NULL,0,0),
(10040,2030,'C','Copy right',NULL,0,0),
(10050,2030,'O','Open commons',NULL,0,0),
(10055,2040,'UNREP','Unreplicated demonstration',NULL,0,0),
(10060,2020,'SC','Study conditions',NULL,0,0),
(10070,2020,'MD','Means data for each trial instance',NULL,0,0),
(10080,2020,'SD','Environment conditions and summary data',NULL,0,0),
(10090,2020,'PD','Plot data',NULL,0,0),
(10091,2020,'SS','Sub-sample data',NULL,0,0),
(10092,2020,'WD','Weather data',NULL,0,0),
(10093,2020,'OM','Means over trial instances',NULL,0,0),
(10100,2040,'CRD','Completely randomized design',NULL,0,0),
(10110,2040,'RCBD','Randomized complete block design',NULL,0,0),
(10120,2040,'Alpha','Alpha lattice',NULL,0,0),
(10130,2040,'RIBD','Resolvable incomplete block design',NULL,0,0),
(10140,2040,'NRIBD','Non resolvable incomplete block design',NULL,0,0),
(10145,2040,'RRCD','Resolvable row-column design',NULL,0,0),
(10150,2040,'NRRCD','Non resolvable row-column design',NULL,0,0),
(10160,2040,'Augmented','Augmented design',NULL,0,0),
(10165,2040,'SP','Split-plot design',NULL,0,0),
(10166,2040,'RIBDL','Resolvable Incomplete Block Design (Latinized)',NULL,0,0),
(10167,2040,'RRCDL','Resolvable Row-and-Column Design (Latinized)',NULL,0,0),
(10170,2050,'T','Test entry',NULL,0,0),
(10180,2050,'C','Check entry',NULL,0,0),
(10190,2050,'D','Disease check',NULL,0,0),
(10200,2050,'S','Stress check',NULL,0,0),
(10210,3040,'SEG','Segregating nursery',NULL,0,0),
(10220,3040,'HAP','Haploid nursery',NULL,0,0),
(10230,3040,'DHN','Double haploid nursery',NULL,0,0),
(10240,3040,'OBS','Observational nursery',NULL,0,0),
(10250,3040,'BSN','Biotic stress nursery',NULL,0,0),
(10260,3040,'ASN','Abiotic stress nursery',NULL,0,0),
(10270,3040,'PTN','Parent test nursery',NULL,0,0),
(10280,3040,'ILN','Inbred line nursery',NULL,0,0),
(10290,2070,'0','Dry season',NULL,0,0),
(10300,2070,'1','Wet season',NULL,0,0),
(12951,3050,'PR','Parent',NULL,0,0),
(12952,3050,'F1','F1 generation',NULL,0,0),
(12953,3050,'F2','F2 generation',NULL,0,0),
(12954,3050,'F3','F3 generation',NULL,0,0),
(12955,3050,'F4','F4 generation',NULL,0,0),
(12956,3050,'F5','F5 generation',NULL,0,0),
(12957,3050,'F6','F6 generation',NULL,0,0),
(12958,3050,'AD','Advanced generation',NULL,0,0),
(12959,3050,'MX','Mixed generations',NULL,0,0),
(12960,2005,'1','Active study visible to all users with access',NULL,0,0),
(12961,3050,'OT','Other',NULL,0,0),
(12970,2005,'2','Active study visible to owner only',NULL,0,0),
(12980,2005,'3','Locked study visible to all users with access',NULL,0,0),
(12990,2005,'9','Deleted study',NULL,0,0),
(15009,1010,'Yield','Yield',NULL,0,0),
(15010,1010,'Biomass','Biomass',NULL,0,0),
(15020,1010,'Plant height','Plant height',NULL,0,0),
(15030,1010,'Flowering time','Flowering',NULL,0,0),
(15040,1010,'Maturity time','Maturity',NULL,0,0),
(15045,1010,'Fertility measure','Plant fertility',NULL,0,0),
(15050,1010,'Disease pressure','Disease pressure',NULL,0,0),
(15060,1010,'Lodging incidence','Lodging incidence',NULL,0,0),
(15080,1010,'Plant vigor','Plant vigor',NULL,0,0),
(15090,1010,'Pest pressure','Pest pressure',NULL,0,0),
(15100,1010,'Weed pressure','Weed pressure',NULL,0,0),
(15110,1010,'Grain size','Grain size',NULL,0,0),
(15115,1010,'Grain moisture','Grain moisture',NULL,0,0),
(15120,1010,'Harvest index','Harvest index',NULL,0,0),
(15130,1010,'Days to harvest','Days to harvest',NULL,0,0),
(16000,1020,'Dry and weigh','Dry and weigh',NULL,0,0),
(16010,1020,'Soil to tip at maturity','Soil to tip at maturity',NULL,0,0),
(16020,1020,'Count days after sowing','Count days after sowing',NULL,0,0),
(16030,1020,'Visual assessment','Visual assessment',NULL,0,0),
(16040,1020,'Counting','Counting',NULL,0,0),
(16050,1020,'Visual assessment at seedling stage','Visual assessment at seedling stage',NULL,0,0),
(16060,1020,'Visual assessment at maturity','Visual assessment at maturity',NULL,0,0),
(16070,1020,'Weigh 1000 dry grains','Weigh 1000 dry grains',NULL,0,0),
(16075,1020,'Weigh 100 dry grains','Weigh 100 dry grains',NULL,0,0),
(16080,1020,'Calculate yield/biomas','Calculate yield/biomas',NULL,0,0),
(16090,1020,'LS MEAN','Least squares mean of plot data',NULL,0,0),
(16095,1020,'ERROR ESTIMATE','Estimated unit errors from statistical analysis',NULL,0,0),
(16100,1020,'SEM','Standard error of a mean',NULL,0,0),
(16110,1020,'LSD 5%','Least significant difference 5%',NULL,0,0),
(16120,1020,'Minimum','Minimum of a set of values',NULL,0,0),
(16130,1020,'Maximum','Maximum of a set of values',NULL,0,0),
(16140,1020,'Heritability','Heritability calculation',NULL,0,0),
(17010,1030,'t/ha','Tonnes per hectare',NULL,0,0),
(17021,1030,'mm','milimeter',NULL,0,0),
(17040,1030,'Score','Score',NULL,0,0),
(17050,1030,'Percent','Percent',NULL,0,0),
(17070,1030,'Index','Index',NULL,0,0),
(17080,1030,'g/1000 grains','g/1000 grains',NULL,0,0),
(17090,1030,'g/100 grains','g/100 grains',NULL,0,0),
(17100,1030,'Number/square meter','Number/square meter',NULL,0,0),
(17110,1030,'Ratio','Ratio of numbers',NULL,0,0),
(18000,1040,'Grain_yield','Grain yield -dry and weigh (kg/ha)',NULL,0,0),
(18010,1040,'Biomas_yield','Biomas - dry and weigh (t/ha)',NULL,0,0),
(18020,1040,'Plant_height','Plant height - soil to tip at maturity  (cm)',NULL,0,0),
(18030,1040,'Days_to_flowering','Flowering - count days after sowing (number)',NULL,0,0),
(18040,1040,'Days_to_maturity','Maturity - count days after sowing (number)',NULL,0,0),
(18050,1040,'Disease_pressure','Disease pressure - visual assessment (score)',NULL,0,0),
(18060,1040,'Lodging_incidence','Lodging incidence - visual assessment (percent)',NULL,0,0),
(18070,1040,'Plant_stand','Plant stand - count (number)',NULL,0,0),
(18080,1040,'Plant_vigor','Plant vigor - visual assessment at seedling stage (score)',NULL,0,0),
(18090,1040,'Pest_pressure','Pest pressure - visual assessment at maturity (score)',NULL,0,0),
(18100,1040,'Weed_pressure','Weed pressure - count (number)',NULL,0,0),
(18110,1040,'Grain_size','Grain size - weigh 1000 dry grains (g)',NULL,0,0),
(18120,1040,'Harvest_index','Harvest index - calculate yield/biomas (index)',NULL,0,0),
(18130,1040,'Days_to_harvest','Days to harvest - count days after sowing (number)',NULL,0,0),
(18140,1040,'GRAIN_YIELD_SEM','Grain yield - standard error of a mean (KG/HA)',NULL,0,0),
(18150,1040,'GRAIN_YIELD_LSD','Grain yield - least significant difference 5% (KG/HA)',NULL,0,0),
(18160,1040,'PLANT_HEIGHT_SEM','Plant height - standard error of a mean (CM)',NULL,0,0),
(18170,1040,'PLANT_HEIGHT_LSD','Plant height - least significant difference 5% (CM)',NULL,0,0),
(18180,1040,'PLANT_HEIGHT_MEAN','Plant height - least squares mean  (CM)',NULL,0,0),
(18190,1040,'GRAIN_YIELD_MEAN','Grain yield - least squares mean (KG/HA)',NULL,0,0),
(18200,1040,'GRAIN_YIELD_UnitErrors','YIELD_UnitErrors',NULL,0,0),
(18210,1040,'PLANT_HEIGHT_UnitErrors','PLTHT_UnitErrors',NULL,0,0),
(18220,1040,'GRAIN_YIELD_Minimum','Grain yield - minimum (kg/ha)',NULL,0,0),
(18230,1040,'GRAIN_YIELD_Maximum','Grain yield - maximum (kg/ha)',NULL,0,0),
(18240,1040,'GRAIN_YIELD_Hertibility','Grain yield - heritability (ratio)',NULL,0,0),
(18250,1040,'PLANT_HEIGHT_Minimum','Plant height - minimum (cm)',NULL,0,0),
(18260,1040,'PLANT_HEIGHT_Maximum','Plant height - maximum (cm)',NULL,0,0),
(18270,1040,'PLANT_HEIGHT_Heritability','Plant height - heritability (ratio)',NULL,0,0),
(19000,3010,'0','No disease',NULL,0,0),
(19010,3010,'1','10 percent of plants affected',NULL,0,0),
(19020,3010,'2','20 percent of plants affected',NULL,0,0),
(19030,3010,'3','30 percent of plants affected',NULL,0,0),
(19040,3010,'4','40 percent of plants affected',NULL,0,0),
(19050,3010,'5','50 percent of plants affected',NULL,0,0),
(19060,3010,'6','60 percent of plants affected',NULL,0,0),
(19070,3010,'7','70 percent of plants affected',NULL,0,0),
(19080,3010,'8','80 percent of plants affected',NULL,0,0),
(19090,3010,'9','All plants affected',NULL,0,0),
(19100,3020,'1','Extra vigorous (very fast growing)',NULL,0,0),
(19110,3020,'2','Vigorous (fast growing)',NULL,0,0),
(19120,3020,'3','Normal',NULL,0,0),
(19130,3020,'4','Weak (plants somewhat stunted)',NULL,0,0),
(19140,3020,'5','Very weak (stunted growth, yellowing of leaves)',NULL,0,0),
(19150,3030,'0','No plants affected',NULL,0,0),
(19160,3030,'1','10 percent of plants affected',NULL,0,0),
(19170,3030,'2','20 percent of plants affected',NULL,0,0),
(19180,3030,'3','30 percent of plants affected',NULL,0,0),
(19190,3030,'4','40 percent of plants affected',NULL,0,0),
(19200,3030,'5','50 percent of plants affected',NULL,0,0),
(19210,3030,'6','60 percent of plants affected',NULL,0,0),
(19220,3030,'7','70 percent of plants affected',NULL,0,0),
(19230,3030,'8','80 percent of plants affected',NULL,0,0),
(19240,3030,'9','All plants affected',NULL,0,0);
/*!40000 ALTER TABLE `cvterm` ENABLE KEYS */;
UNLOCK TABLES;

--
-- Dumping data for table `cvterm_relationship`
--

LOCK TABLES `cvterm_relationship` WRITE;
/*!40000 ALTER TABLE `cvterm_relationship` DISABLE KEYS */;
INSERT INTO `cvterm_relationship` (`cvterm_relationship_id`, `type_id`, `subject_id`, `object_id`) VALUES 
(8471,1105,1000,1090),
(8440,1225,1001,1000),
(8468,1105,1001,1090),
(8441,1225,1002,1000),
(8469,1105,1002,1090),
(8442,1225,1003,1000),
(8470,1105,1003,1090),
(8420,1225,1010,1003),
(8421,1225,1011,1003),
(8422,1225,1012,1003),
(8423,1225,1015,1003),
(8424,1225,1016,1003),
(8425,1225,1017,1003),
(8426,1225,1020,1003),
(8427,1225,1021,1003),
(8428,1225,1022,1003),
(8429,1225,1023,1003),
(8430,1225,1024,1003),
(8431,1225,1025,1003),
(1006,1225,1030,1003),
(1007,1225,1035,1003),
(1008,1225,1037,1003),
(8433,1225,1040,1003),
(8434,1225,1041,1003),
(8435,1225,1042,1003),
(8436,1225,1043,1003),
(8443,1225,1044,1000),
(8387,1225,1045,1001),
(5121,1105,1045,1090),
(8437,1225,1046,1003),
(8438,1225,1047,1003),
(8439,1225,1048,1003),
(1000,1225,1050,1045),
(5122,1105,1050,1090),
(1001,1225,1055,1045),
(5119,1105,1055,1090),
(8444,1225,1060,1000),
(8445,1225,1070,1000),
(1010,1225,1080,1045),
(5123,1105,1080,1090),
(1020,1225,1085,1045),
(5124,1105,1085,1090),
(1002,1225,1086,1045),
(5118,1105,1086,1090),
(1030,1225,1087,1045),
(5125,1105,1087,1090),
(8412,1225,1090,1002),
(8394,1225,1100,1045),
(8475,1105,1100,1090),
(8446,1225,1105,1000),
(8413,1225,1110,1002),
(8447,1225,1113,1000),
(8448,1225,1115,1000),
(8414,1225,1117,1002),
(8415,1225,1118,1002),
(8416,1225,1120,1002),
(8417,1225,1125,1002),
(8418,1225,1128,1002),
(8419,1225,1130,1002),
(8449,1225,1140,1000),
(8450,1225,1150,1000),
(8451,1225,1155,1000),
(8452,1225,1160,1000),
(8453,1225,1170,1000),
(8454,1225,1180,1000),
(8455,1225,1190,1000),
(8456,1225,1200,1000),
(8457,1225,1210,1000),
(8458,1225,1220,1000),
(8459,1225,1225,1000),
(8706,1225,1226,1000),
(8698,1225,1227,1000),
(8460,1225,1230,1000),
(8461,1225,1240,1000),
(8462,1225,1250,1000),
(8699,1225,1251,1000),
(8700,1225,1252,1000),
(8701,1225,1253,1000),
(8702,1225,1254,1000),
(8703,1225,1255,1000),
(8704,1225,1256,1000),
(8705,1225,1257,1000),
(5127,1105,1260,1090),
(1050,1225,1260,1100),
(5128,1105,1270,1090),
(1060,1225,1270,1100),
(1070,1225,1280,1080),
(5129,1105,1280,1090),
(1080,1225,1290,1080),
(5131,1105,1290,1090),
(5132,1105,1300,1090),
(1090,1225,1300,1280),
(5133,1105,1310,1090),
(1100,1225,1310,1280),
(5134,1105,1320,1090),
(1110,1225,1320,1280),
(1111,1225,1321,1045),
(1321,1105,1321,1090),
(8403,1225,1330,1001),
(15000,1105,1330,1090),
(8464,1105,1340,1090),
(15010,1225,1340,1330),
(8691,1105,1345,1090),
(15011,1225,1345,1330),
(8473,1105,1350,1090),
(15020,1225,1350,1330),
(8465,1105,1360,1090),
(15030,1225,1360,1330),
(8784,1105,1361,1090),
(8785,1225,1361,1360),
(8786,1105,1362,1090),
(8787,1225,1362,1360),
(8788,1105,1363,1090),
(8789,1225,1363,1360),
(9060,1105,1364,1090),
(9061,1225,1364,1330),
(8467,1105,1370,1090),
(15031,1225,1370,1330),
(8474,1105,1380,1090),
(15032,1225,1380,1330),
(8466,1105,1390,1090),
(15033,1225,1390,1360),
(8472,1105,1400,1090),
(15034,1225,1400,1360),
(8463,1105,1410,1090),
(15035,1225,1410,1330),
(8476,1225,1420,1000),
(8718,1105,1430,1090),
(8719,1225,1430,1340),
(8720,1105,1440,1090),
(8721,1225,1440,1340),
(8722,1105,1450,1090),
(8723,1225,1450,1340),
(1112,1225,1460,1090),
(1113,1225,1470,1460),
(1114,1225,1480,1460),
(1115,1225,1490,1480),
(1116,1225,1510,1480),
(1117,1225,1520,1460),
(1118,1225,1530,1520),
(1119,1225,1540,1520),
(1120,1225,1550,1520),
(1121,1225,1560,1470),
(1122,1225,1570,1470),
(1123,1225,1580,1470),
(1124,1225,1590,1470),
(1200,1225,2000,1050),
(1202,1225,2002,1086),
(1210,1225,2010,1050),
(1220,1225,2012,1050),
(1230,1225,2014,1050),
(8707,1225,2015,1050),
(1240,1225,2020,1055),
(1241,1225,2030,1055),
(1245,1225,2040,1050),
(1516,1225,2045,1050),
(1250,1225,2050,1050),
(1260,1225,2052,1050),
(1252,1225,2053,1080),
(1270,1225,2054,1080),
(1280,1225,2056,1080),
(1290,1225,2058,1080),
(1300,1225,2060,1080),
(1305,1225,2065,1080),
(1310,1225,2070,1050),
(1320,1225,2080,1080),
(1330,1225,2090,1050),
(1340,1225,2100,1080),
(1350,1225,2105,1050),
(1360,1225,2110,1080),
(1370,1225,2120,1100),
(1380,1225,2122,1080),
(1390,1225,2123,1080),
(1400,1225,2124,1080),
(1410,1225,2126,1080),
(1420,1225,2128,1080),
(1430,1225,2129,1080),
(1440,1225,2130,1100),
(1450,1225,2140,1100),
(8992,1225,2141,1100),
(8993,1225,2142,1100),
(8994,1225,2143,1100),
(8995,1225,2144,1100),
(8996,1225,2145,1100),
(8997,1225,2146,1100),
(8998,1225,2147,1100),
(8999,1225,2148,1100),
(9000,1225,2149,1100),
(1460,1225,2150,1100),
(9001,1225,2151,1100),
(9002,1225,2152,1100),
(9019,1225,2153,1100),
(9020,1225,2154,1100),
(9021,1225,2155,1100),
(1470,1225,2160,1100),
(1480,1225,2170,1100),
(1490,1225,2180,1100),
(1500,1225,2182,1100),
(1515,1225,2190,1080),
(1510,1225,2190,1100),
(1520,1225,2200,1087),
(1530,1225,2205,1087),
(1535,1225,2206,1087),
(1540,1225,2207,1087),
(1550,1225,2208,1087),
(1555,1225,2209,1087),
(1560,1225,2210,1340),
(1570,1225,2220,1300),
(1580,1225,2230,1300),
(1590,1225,2240,1300),
(1600,1225,2250,1300),
(1610,1225,2260,1080),
(1620,1225,2270,1080),
(1630,1225,2280,1080),
(1631,1225,2285,1080),
(1640,1225,2290,1310),
(1650,1225,2300,1310),
(1660,1225,2305,1310),
(1670,1225,2310,1310),
(1680,1225,2320,1310),
(1690,1225,2325,1310),
(1700,1225,2330,1310),
(1710,1225,2340,1310),
(1720,1225,2350,1310),
(1730,1225,2360,1310),
(1740,1225,2370,1310),
(1750,1225,2380,1310),
(1760,1225,2390,1310),
(1770,1225,2400,1310),
(1780,1225,2403,1310),
(1790,1225,2405,1085),
(1800,1225,2410,1085),
(1810,1225,2420,1085),
(1820,1225,2430,1085),
(1830,1225,2440,1085),
(1840,1225,2450,1300),
(1850,1225,2451,1080),
(1860,1225,2452,1300),
(1870,1225,2460,1300),
(1880,1225,2470,1320),
(1890,1225,2475,1300),
(1900,1225,2477,1320),
(1910,1225,2478,1320),
(1920,1225,2480,1320),
(1930,1225,2481,1320),
(1940,1225,2482,1320),
(1950,1225,2490,1320),
(1955,1225,2495,1320),
(1960,1225,2500,1085),
(1970,1225,2510,1085),
(1980,1225,2515,1085),
(1990,1225,2520,1085),
(2000,1225,2530,1085),
(2010,1225,2540,1085),
(2020,1225,2550,1290),
(2030,1225,2560,1290),
(2040,1225,2570,1320),
(2050,1225,2580,1320),
(2060,1225,2590,1320),
(2070,1225,2600,1320),
(2080,1225,2610,1260),
(2090,1225,2620,1260),
(2100,1225,2630,1260),
(2110,1225,2640,1260),
(2120,1225,2650,1260),
(2130,1225,2655,1087),
(2140,1225,2657,1260),
(2150,1225,2660,1270),
(2160,1225,2670,1270),
(2170,1225,2680,1270),
(3001,1044,8005,1011),
(2181,1225,8005,1050),
(6321,1105,8005,1120),
(8001,1200,8005,2010),
(8005,1210,8005,4030),
(8006,1220,8005,6000),
(8709,1044,8006,1010),
(8708,1225,8006,1050),
(8710,1105,8006,1130),
(8711,1200,8006,2015),
(8712,1210,8006,4030),
(8713,1220,8006,6070),
(8714,1190,8006,12960),
(8715,1190,8006,12970),
(8716,1190,8006,12980),
(8717,1190,8006,12990),
(3002,1044,8007,1012),
(2182,1225,8007,1050),
(6462,1105,8007,1120),
(8007,1200,8007,2012),
(8008,1210,8007,4030),
(8009,1220,8007,6020),
(3041,1044,8008,1010),
(2221,1225,8008,1050),
(6361,1105,8008,1117),
(8041,1200,8008,2040),
(8043,1210,8008,4030),
(8045,1220,8008,6060),
(8879,1044,8009,1010),
(8878,1225,8009,1050),
(8880,1105,8009,1117),
(8881,1200,8009,2045),
(8882,1210,8009,4030),
(8883,1220,8009,6060),
(3000,1044,8010,1010),
(2180,1225,8010,1050),
(6320,1105,8010,1120),
(8000,1200,8010,2002),
(8002,1210,8010,4030),
(8004,1220,8010,6000),
(3010,1044,8020,1010),
(2190,1225,8020,1050),
(6330,1105,8020,1118),
(8010,1200,8020,2002),
(8012,1210,8020,4030),
(8014,1220,8020,6010),
(3011,1044,8021,1015),
(2191,1225,8021,1055),
(6331,1105,8021,1118),
(8011,1200,8021,2002),
(8013,1210,8021,4030),
(8015,1220,8021,6010),
(3020,1044,8030,1010),
(2200,1225,8030,1050),
(6340,1105,8030,1120),
(8020,1200,8030,2014),
(8022,1210,8030,4060),
(8024,1220,8030,6020),
(3030,1044,8040,1010),
(2210,1225,8040,1050),
(6350,1105,8040,1120),
(8030,1200,8040,2000),
(8032,1210,8040,4030),
(8034,1220,8040,6020),
(3040,1044,8050,1010),
(2220,1225,8050,1050),
(6360,1105,8050,1117),
(8040,1200,8050,2050),
(8042,1210,8050,4030),
(8044,1220,8050,6060),
(3050,1044,8060,1010),
(2230,1225,8060,1050),
(6370,1105,8060,1117),
(8050,1200,8060,2052),
(8052,1210,8060,4030),
(8054,1220,8060,6060),
(8865,1044,8065,1010),
(8864,1225,8065,1050),
(8866,1105,8065,1130),
(8867,1200,8065,2105),
(8868,1210,8065,4030),
(8869,1220,8065,6070),
(8870,1190,8065,10210),
(8871,1190,8065,10220),
(8872,1190,8065,10230),
(8873,1190,8065,10240),
(8874,1190,8065,10250),
(8875,1190,8065,10260),
(8876,1190,8065,10270),
(8877,1190,8065,10280),
(8885,1044,8066,1010),
(8884,1225,8066,1050),
(8886,1105,8066,1130),
(8887,1200,8066,2105),
(8888,1210,8066,4030),
(8889,1220,8066,6014),
(8890,1190,8066,12951),
(8891,1190,8066,12952),
(8892,1190,8066,12953),
(8893,1190,8066,12954),
(8894,1190,8066,12955),
(8895,1190,8066,12956),
(8896,1190,8066,12957),
(8897,1190,8066,12958),
(8898,1190,8066,12959),
(8899,1190,8066,12961),
(3060,1044,8070,1010),
(2240,1225,8070,1050),
(6380,1105,8070,1130),
(8060,1200,8070,2010),
(8062,1210,8070,4030),
(8064,1220,8070,6070),
(10000,1190,8070,10000),
(10001,1190,8070,10001),
(10002,1190,8070,10002),
(10003,1190,8070,10003),
(10005,1190,8070,10005),
(10010,1190,8070,10010),
(10015,1190,8070,10015),
(10017,1190,8070,10017),
(10020,1190,8070,10020),
(10030,1190,8070,10030),
(8686,1044,8071,1010),
(8685,1225,8071,1050),
(8687,1105,8071,1120),
(8688,1200,8071,2010),
(8689,1210,8071,4030),
(8690,1220,8071,6050),
(3070,1044,8080,1010),
(2250,1225,8080,1050),
(6390,1105,8080,1120),
(8070,1200,8080,2070),
(8072,1210,8080,4010),
(8074,1220,8080,6000),
(3080,1044,8090,1010),
(2260,1225,8090,1050),
(6400,1105,8090,1118),
(8080,1200,8090,2070),
(8082,1210,8090,4010),
(8084,1220,8090,6010),
(3090,1044,8100,1010),
(2270,1225,8100,1050),
(6410,1105,8100,1120),
(8090,1200,8100,2080),
(8092,1210,8100,4030),
(8094,1220,8100,6000),
(3100,1044,8110,1010),
(2280,1225,8110,1050),
(6420,1105,8110,1118),
(8100,1200,8110,2080),
(8102,1210,8110,4030),
(8104,1220,8110,6010),
(19303,1044,8115,1010),
(19304,1225,8115,1050),
(19305,1105,8115,1120),
(19306,1200,8115,2080),
(19307,1210,8115,4030),
(19308,1220,8115,6030),
(3110,1044,8120,1010),
(2290,1225,8120,1050),
(6430,1105,8120,1130),
(8110,1200,8120,2090),
(8112,1210,8120,4030),
(8114,1220,8120,6080),
(10040,1190,8120,10040),
(10050,1190,8120,10050),
(3120,1044,8130,1010),
(2300,1225,8130,1050),
(6440,1105,8130,1117),
(8120,1200,8130,2090),
(8122,1210,8130,4030),
(8124,1220,8130,6060),
(8928,1044,8131,1020),
(8927,1225,8131,1100),
(8929,1105,8131,1110),
(8930,1200,8131,2141),
(8931,1210,8131,4030),
(8932,1220,8131,6040),
(8934,1044,8132,1020),
(8933,1225,8132,1100),
(8935,1105,8132,1110),
(8936,1200,8132,2142),
(8937,1210,8132,4030),
(8938,1220,8132,6040),
(8940,1044,8133,1020),
(8939,1225,8133,1100),
(8941,1105,8133,1130),
(8942,1200,8133,2143),
(8943,1210,8133,4030),
(8944,1220,8133,6050),
(8945,1190,8133,8143),
(8946,1190,8133,8144),
(8947,1190,8133,8145),
(8949,1044,8134,1020),
(8948,1225,8134,1100),
(8950,1105,8134,1120),
(8951,1200,8134,2144),
(8952,1210,8134,4030),
(8953,1220,8134,6025),
(3130,1044,8135,1020),
(2305,1225,8135,1100),
(6445,1105,8135,1130),
(8125,1200,8135,2140),
(8127,1210,8135,4030),
(8129,1220,8135,6070),
(10055,1190,8135,10055),
(10100,1190,8135,10100),
(10110,1190,8135,10110),
(10120,1190,8135,10120),
(10130,1190,8135,10130),
(10140,1190,8135,10140),
(10145,1190,8135,10145),
(10150,1190,8135,10150),
(10160,1190,8135,10160),
(10115,1190,8135,10165),
(8990,1190,8135,10166),
(8991,1190,8135,10167),
(8955,1044,8136,1020),
(8954,1225,8136,1100),
(8956,1105,8136,1110),
(8957,1200,8136,2145),
(8958,1210,8136,4030),
(8959,1220,8136,6040),
(8961,1044,8137,1020),
(8960,1225,8137,1100),
(8962,1105,8137,1110),
(8963,1200,8137,2146),
(8964,1210,8137,4030),
(8965,1220,8137,6040),
(8967,1044,8138,1020),
(8966,1225,8138,1100),
(8968,1105,8138,1110),
(8969,1200,8138,2147),
(8970,1210,8138,4030),
(8971,1220,8138,6040),
(8973,1044,8139,1020),
(8972,1225,8139,1100),
(8974,1105,8139,1110),
(8975,1200,8139,2148),
(8976,1210,8139,4030),
(8977,1220,8139,6040),
(3140,1044,8140,1015),
(2310,1225,8140,1055),
(6450,1105,8140,1118),
(8130,1200,8140,2020),
(8132,1210,8140,4030),
(8134,1220,8140,6010),
(8985,1044,8142,1020),
(8984,1225,8142,1100),
(8986,1105,8142,1110),
(8987,1200,8142,2151),
(8988,1210,8142,4030),
(8989,1220,8142,6040),
(9004,1044,8146,1020),
(9003,1225,8146,1100),
(9005,1105,8146,1130),
(9006,1200,8146,2152),
(9007,1210,8146,4030),
(9008,1220,8146,6050),
(9009,1190,8146,8147),
(9010,1190,8146,8148),
(9011,1190,8146,8149),
(9012,1190,8146,8151),
(3150,1044,8150,1016),
(2320,1225,8150,1055),
(6460,1105,8150,1120),
(8140,1200,8150,2020),
(8142,1210,8150,4030),
(8144,1220,8150,6000),
(3151,1044,8155,1017),
(2321,1225,8155,1055),
(6461,1105,8155,1120),
(8141,1200,8155,2030),
(8143,1210,8155,4030),
(8145,1220,8155,6020),
(3160,1044,8160,1015),
(2330,1225,8160,1055),
(6470,1105,8160,1130),
(8150,1200,8160,2020),
(8152,1210,8160,4030),
(8154,1220,8160,6070),
(10060,1190,8160,10060),
(10070,1190,8160,10070),
(10080,1190,8160,10080),
(10090,1190,8160,10090),
(8906,1190,8160,10091),
(8907,1190,8160,10092),
(8908,1190,8160,10093),
(3170,1044,8170,1021),
(2340,1225,8170,1080),
(6480,1105,8170,1110),
(8160,1200,8170,2100),
(8162,1210,8170,4040),
(8164,1220,8170,6040),
(3180,1044,8180,1020),
(2350,1225,8180,1080),
(6490,1105,8180,1120),
(8170,1200,8180,2110),
(8172,1210,8180,4030),
(8174,1220,8180,6000),
(8693,1044,8185,1020),
(8692,1225,8185,1080),
(8694,1105,8185,1120),
(8695,1200,8185,2100),
(8696,1210,8185,4030),
(8697,1220,8185,6020),
(19309,1044,8186,1020),
(19310,1225,8186,1080),
(19311,1105,8186,1120),
(19312,1200,8186,2110),
(19313,1210,8186,4030),
(19314,1220,8186,6030),
(8859,1044,8189,1020),
(8858,1225,8189,1080),
(8860,1105,8189,1120),
(8861,1200,8189,2110),
(8862,1210,8189,4030),
(8863,1220,8189,6016),
(3190,1044,8190,1020),
(2360,1225,8190,1080),
(6500,1105,8190,1118),
(8180,1200,8190,2110),
(8182,1210,8190,4030),
(8184,1220,8190,6010),
(3181,1044,8195,1020),
(2351,1225,8195,1080),
(6491,1105,8195,1120),
(8171,1200,8195,2110),
(8173,1210,8195,4030),
(8175,1220,8195,6050),
(8589,1044,8196,1020),
(8588,1225,8196,1080),
(8590,1105,8196,1120),
(8591,1200,8196,2110),
(8592,1210,8196,4030),
(8593,1220,8196,6020),
(3200,1044,8200,1030),
(2370,1225,8200,1100),
(6510,1105,8200,1110),
(8190,1200,8200,2120),
(8192,1210,8200,4040),
(8194,1220,8200,6040),
(3210,1044,8210,1030),
(2380,1225,8210,1100),
(6520,1105,8210,1110),
(8200,1200,8210,2150),
(8202,1210,8210,4040),
(8204,1220,8210,6040),
(3220,1044,8220,1030),
(2390,1225,8220,1100),
(6530,1105,8220,1110),
(8210,1200,8220,2160),
(8212,1210,8220,4040),
(8214,1220,8220,6040),
(8514,1044,8221,1030),
(8513,1225,8221,1100),
(8515,1105,8221,1110),
(8516,1200,8221,2160),
(8517,1210,8221,4030),
(8518,1220,8221,6040),
(8520,1044,8222,1030),
(8519,1225,8222,1100),
(8521,1105,8222,1110),
(8522,1200,8222,2130),
(8523,1210,8222,4030),
(8524,1220,8222,6040),
(3230,1044,8230,1041),
(2400,1225,8230,1087),
(6540,1105,8230,1110),
(8220,1200,8230,2200),
(8222,1210,8230,4040),
(8224,1220,8230,6040),
(3240,1044,8240,1042),
(2410,1225,8240,1087),
(6550,1105,8240,1118),
(8230,1200,8240,2205),
(8232,1210,8240,4030),
(8234,1220,8240,6010),
(9063,1044,8241,1030),
(9062,1225,8241,1085),
(9064,1105,8241,1110),
(9065,1200,8241,2410),
(9066,1210,8241,4020),
(9067,1220,8241,6040),
(3250,1044,8250,1046),
(2420,1225,8250,1087),
(6560,1105,8250,1120),
(8240,1200,8250,2205),
(8242,1210,8250,4030),
(8244,1220,8250,6000),
(8847,1044,8251,1010),
(8848,1105,8251,1120),
(8846,1225,8251,1270),
(8849,1200,8251,2670),
(8850,1210,8251,4020),
(8851,1220,8251,6015),
(8853,1044,8252,1043),
(8854,1105,8252,1120),
(8852,1225,8252,1270),
(8855,1200,8252,2670),
(8856,1210,8252,4110),
(8857,1220,8252,6015),
(8922,1044,8253,1030),
(8923,1105,8253,1120),
(8921,1225,8253,1270),
(8924,1200,8253,2670),
(8925,1210,8253,4020),
(8926,1220,8253,6015),
(3260,1044,8255,1040),
(2425,1225,8255,1087),
(6565,1105,8255,1130),
(8245,1200,8255,2209),
(8246,1210,8255,4030),
(8247,1220,8255,6070),
(8382,1190,8255,10170),
(8383,1190,8255,10180),
(8384,1190,8255,10190),
(8385,1190,8255,10200),
(8725,1044,8256,1010),
(8726,1105,8256,1120),
(8724,1225,8256,1270),
(8727,1200,8256,2670),
(8728,1210,8256,4020),
(8729,1220,8256,6000),
(8731,1044,8257,1010),
(8732,1105,8257,1118),
(8730,1225,8257,1270),
(8733,1200,8257,2670),
(8734,1210,8257,4020),
(8735,1220,8257,6010),
(8737,1044,8258,1030),
(8738,1105,8258,1120),
(8736,1225,8258,1270),
(8739,1200,8258,2670),
(8740,1210,8258,4020),
(8741,1220,8258,6000),
(8743,1044,8259,1030),
(8744,1105,8259,1118),
(8742,1225,8259,1270),
(8745,1200,8259,2670),
(8746,1210,8259,4020),
(8747,1220,8259,6010),
(3270,1044,8260,1030),
(2430,1225,8260,1085),
(6570,1105,8260,1110),
(8250,1200,8260,2410),
(8252,1210,8260,4020),
(8254,1220,8260,6090),
(8749,1044,8261,1043),
(8750,1105,8261,1120),
(8748,1225,8261,1270),
(8751,1200,8261,2670),
(8752,1210,8261,4110),
(8753,1220,8261,6000),
(8755,1044,8262,1043),
(8756,1105,8262,1118),
(8754,1225,8262,1270),
(8757,1200,8262,2670),
(8758,1210,8262,4110),
(8759,1220,8262,6010),
(8761,1044,8263,1043),
(8762,1105,8263,1110),
(8760,1225,8263,1270),
(8763,1200,8263,2660),
(8764,1210,8263,4080),
(8765,1220,8263,6040),
(8767,1044,8264,1043),
(8768,1105,8264,1110),
(8766,1225,8264,1260),
(8769,1200,8264,2620),
(8770,1210,8264,4090),
(8771,1220,8264,6087),
(3271,1044,8265,1020),
(2431,1225,8265,1085),
(6571,1105,8265,1110),
(8251,1200,8265,2410),
(8253,1210,8265,4020),
(8255,1220,8265,6090),
(8773,1044,8266,1043),
(8774,1105,8266,1110),
(8772,1225,8266,1260),
(8775,1200,8266,2620),
(8776,1210,8266,4080),
(8777,1220,8266,6040),
(8909,1044,8267,1043),
(8913,1105,8267,1110),
(8914,1225,8267,1260),
(8910,1200,8267,2620),
(8911,1210,8267,4090),
(8912,1220,8267,6088),
(8915,1044,8268,1043),
(8919,1105,8268,1110),
(8920,1225,8268,1260),
(8916,1200,8268,2620),
(8917,1210,8268,4080),
(8918,1220,8268,6105),
(8577,1044,8270,1043),
(6580,1105,8270,1110),
(2440,1225,8270,1310),
(8260,1200,8270,2340),
(8262,1210,8270,4070),
(8264,1220,8270,6100),
(8578,1044,8280,1020),
(8535,1225,8280,1080),
(8525,1105,8280,1110),
(8545,1200,8280,2053),
(8555,1210,8280,4000),
(8565,1220,8280,6065),
(8678,1044,8282,1030),
(8674,1225,8282,1080),
(8673,1105,8282,1110),
(8675,1200,8282,2053),
(8676,1210,8282,4000),
(8677,1220,8282,6066),
(8684,1044,8284,1030),
(8680,1225,8284,1080),
(8679,1105,8284,1110),
(8681,1200,8284,2053),
(8682,1210,8284,4000),
(8683,1220,8284,6067),
(8579,1044,8300,1047),
(8536,1225,8300,1087),
(8526,1105,8300,1120),
(8546,1200,8300,2200),
(8556,1210,8300,4030),
(8566,1220,8300,6050),
(8580,1044,8310,1040),
(8537,1225,8310,1087),
(8527,1105,8310,1120),
(8547,1200,8310,2205),
(8557,1210,8310,4030),
(8567,1220,8310,6110),
(8581,1044,8320,1040),
(8538,1225,8320,1087),
(8528,1105,8320,1120),
(8548,1200,8320,2205),
(8558,1210,8320,4050),
(8568,1220,8320,6030),
(8582,1044,8330,1040),
(8539,1225,8330,1087),
(8529,1105,8330,1118),
(8549,1200,8330,2206),
(8559,1210,8330,4030),
(8569,1220,8330,6010),
(8583,1044,8340,1040),
(8540,1225,8340,1087),
(8530,1105,8340,1120),
(8550,1200,8340,2206),
(8560,1210,8340,4030),
(8570,1220,8340,6020),
(8584,1044,8350,1030),
(8541,1225,8350,1100),
(8531,1105,8350,1120),
(8551,1200,8350,2120),
(8561,1210,8350,4030),
(8571,1220,8350,6050),
(8585,1044,8360,1040),
(8542,1225,8360,1087),
(8532,1105,8360,1120),
(8552,1200,8360,2208),
(8562,1210,8360,4050),
(8572,1220,8360,6050),
(8905,1044,8369,1020),
(8900,1105,8369,1110),
(8901,1225,8369,1300),
(8902,1200,8369,2452),
(8903,1210,8369,4030),
(8904,1220,8369,6064),
(8586,1044,8370,1020),
(8533,1105,8370,1120),
(8543,1225,8370,1300),
(8553,1200,8370,2452),
(8563,1210,8370,4030),
(8573,1220,8370,6020),
(8587,1044,8371,1020),
(8534,1105,8371,1130),
(8544,1225,8371,1300),
(8554,1200,8371,2452),
(8564,1210,8371,4030),
(8574,1220,8371,6050),
(8575,1190,8371,10290),
(8576,1190,8371,10300),
(8331,1044,8372,1020),
(8265,1225,8372,1080),
(8347,1105,8372,1118),
(8282,1200,8372,2080),
(8299,1210,8372,4010),
(8315,1220,8372,6010),
(8332,1044,8373,1020),
(8266,1225,8373,1080),
(8348,1105,8373,1120),
(8283,1200,8373,2080),
(8300,1210,8373,4010),
(8316,1220,8373,6000),
(8336,1044,8377,1040),
(8270,1225,8377,1087),
(8352,1105,8377,1120),
(8287,1200,8377,2207),
(8304,1210,8377,4030),
(8320,1220,8377,6115),
(8337,1044,8378,1040),
(8271,1225,8378,1087),
(8353,1105,8378,1120),
(8288,1200,8378,2208),
(8305,1210,8378,4050),
(8321,1220,8378,6030),
(8339,1044,8380,1030),
(8273,1225,8380,1100),
(8355,1105,8380,1110),
(8291,1200,8380,2120),
(8307,1210,8380,4040),
(8323,1220,8380,6045),
(8342,1044,8383,1020),
(8276,1225,8383,1080),
(8358,1105,8383,1110),
(8294,1200,8383,2054),
(8310,1210,8383,4020),
(8326,1220,8383,6060),
(8343,1044,8384,1020),
(8278,1225,8384,1080),
(8359,1105,8384,1110),
(8295,1200,8384,2056),
(8311,1210,8384,4020),
(8327,1220,8384,6060),
(8344,1044,8385,1020),
(8360,1105,8385,1110),
(8289,1225,8385,1340),
(8296,1200,8385,2210),
(8312,1210,8385,4100),
(8328,1220,8385,6040),
(8345,1044,8386,1020),
(8280,1225,8386,1100),
(8361,1105,8386,1110),
(8297,1200,8386,2123),
(8313,1210,8386,4100),
(8329,1220,8386,6040),
(8346,1044,8387,1020),
(8281,1225,8387,1080),
(8362,1105,8387,1110),
(8298,1200,8387,2128),
(8314,1210,8387,4100),
(8330,1220,8387,6085),
(9017,1044,8388,1030),
(9013,1225,8388,1100),
(9018,1105,8388,1110),
(9014,1200,8388,2123),
(9015,1210,8388,4100),
(9016,1220,8388,6040),
(8783,1044,8390,1043),
(8781,1225,8390,1080),
(8782,1105,8390,1120),
(8778,1200,8390,2065),
(8779,1210,8390,4110),
(8780,1220,8390,6020),
(9047,1044,8391,1043),
(9045,1225,8391,1080),
(9046,1105,8391,1120),
(9042,1200,8391,2065),
(9043,1210,8391,4111),
(9044,1220,8391,6020),
(9053,1044,8392,1043),
(9051,1225,8392,1080),
(9052,1105,8392,1120),
(9048,1200,8392,2065),
(9049,1210,8392,4112),
(9050,1220,8392,6020),
(9059,1044,8393,1043),
(9057,1225,8393,1080),
(9058,1105,8393,1120),
(9054,1200,8393,2065),
(9055,1210,8393,4113),
(9056,1220,8393,6020),
(8790,1044,8400,1030),
(8844,1225,8400,1100),
(8791,1105,8400,1110),
(8792,1200,8400,2180),
(8793,1210,8400,4030),
(19339,1220,8400,6140),
(8795,1044,8410,1030),
(8845,1225,8410,1100),
(8796,1105,8410,1110),
(8797,1200,8410,2170),
(8798,1210,8410,4030),
(19340,1220,8410,6140),
(9026,1044,8411,1020),
(9022,1225,8411,1100),
(9027,1105,8411,1110),
(9023,1200,8411,2153),
(9024,1210,8411,4100),
(9025,1220,8411,6040),
(9032,1044,8412,1020),
(9028,1225,8412,1100),
(9033,1105,8412,1110),
(9029,1200,8412,2154),
(9030,1210,8412,4100),
(9031,1220,8412,6040),
(9035,1044,8413,1020),
(9034,1225,8413,1100),
(9036,1105,8413,1130),
(9037,1200,8413,2155),
(9038,1210,8413,4030),
(9039,1220,8413,6050),
(9040,1190,8413,8414),
(9041,1190,8413,8415),
(8831,1225,8580,1330),
(19315,1044,8581,1030),
(19320,1225,8581,1100),
(19316,1105,8581,1110),
(19317,1200,8581,2170),
(19318,1210,8581,4040),
(19319,1220,8581,6040),
(19321,1044,8582,1030),
(19326,1225,8582,1100),
(19322,1105,8582,1110),
(19323,1200,8582,2180),
(19324,1210,8582,4040),
(19325,1220,8582,6040),
(19327,1044,8583,1020),
(19332,1225,8583,1080),
(19328,1105,8583,1118),
(19329,1200,8583,2191),
(19330,1210,8583,4030),
(19331,1220,8583,6010),
(19333,1044,8584,1020),
(19338,1225,8584,1080),
(19334,1105,8584,1120),
(19335,1200,8584,2191),
(19336,1210,8584,4030),
(19337,1220,8584,6000),
(9075,1044,8590,1030),
(9074,1225,8590,1080),
(9076,1105,8590,1130),
(9077,1200,8590,2054),
(9078,1210,8590,4020),
(9079,1220,8590,6020),
(9080,1190,8590,8611),
(9081,1190,8590,8612),
(9069,1044,8600,1030),
(9068,1225,8600,1080),
(9070,1105,8600,1110),
(9071,1200,8600,2054),
(9072,1210,8600,4020),
(9073,1220,8600,6040),
(15040,1225,15009,1340),
(15050,1225,15010,1340),
(15060,1225,15020,1340),
(15070,1225,15030,1340),
(15080,1225,15040,1340),
(15081,1225,15045,1340),
(15090,1225,15050,1360),
(15100,1225,15060,1340),
(15120,1225,15080,1340),
(15130,1225,15090,1360),
(15140,1225,15100,1360),
(15150,1225,15110,1350),
(15082,1225,15115,1340),
(15160,1225,15120,1340),
(15170,1225,15130,1340),
(3290,1044,18000,1043),
(18150,1105,18000,1110),
(18010,1225,18000,1340),
(18570,1220,18000,6090),
(18290,1200,18000,15009),
(18430,1210,18000,16000),
(3300,1044,18010,1043),
(18160,1105,18010,1110),
(18020,1225,18010,1340),
(18300,1200,18010,15010),
(18440,1210,18010,16000),
(18580,1220,18010,17010),
(3310,1044,18020,1043),
(18170,1105,18020,1110),
(18030,1225,18020,1340),
(18590,1220,18020,6085),
(18310,1200,18020,15020),
(18450,1210,18020,16010),
(3320,1044,18030,1043),
(18180,1105,18030,1110),
(18040,1225,18030,1340),
(18600,1220,18030,6040),
(18320,1200,18030,15030),
(18460,1210,18030,16020),
(3330,1044,18040,1043),
(18190,1105,18040,1110),
(18050,1225,18040,1340),
(18610,1220,18040,6040),
(18330,1200,18040,15040),
(18470,1210,18040,16020),
(3340,1044,18050,1048),
(18200,1105,18050,1130),
(18060,1225,18050,1360),
(18340,1200,18050,15050),
(18480,1210,18050,16030),
(18620,1220,18050,17040),
(19000,1190,18050,19000),
(19010,1190,18050,19010),
(19020,1190,18050,19020),
(19030,1190,18050,19030),
(19040,1190,18050,19040),
(19050,1190,18050,19050),
(19060,1190,18050,19060),
(19070,1190,18050,19070),
(19080,1190,18050,19080),
(19090,1190,18050,19090),
(3350,1044,18060,1043),
(18210,1105,18060,1110),
(18070,1225,18060,1340),
(18350,1200,18060,15060),
(18490,1210,18060,16030),
(18630,1220,18060,17050),
(3360,1044,18070,1043),
(18220,1105,18070,1110),
(18080,1225,18070,1340),
(18360,1200,18070,2210),
(18640,1220,18070,6040),
(18500,1210,18070,16040),
(3370,1044,18080,1048),
(18230,1105,18080,1130),
(18090,1225,18080,1340),
(18370,1200,18080,15080),
(18510,1210,18080,16050),
(18650,1220,18080,17040),
(19100,1190,18080,19100),
(19110,1190,18080,19110),
(19120,1190,18080,19120),
(19130,1190,18080,19130),
(19140,1190,18080,19140),
(3380,1044,18090,1048),
(18240,1105,18090,1130),
(18100,1225,18090,1360),
(18380,1200,18090,15090),
(18520,1210,18090,16060),
(18660,1220,18090,17040),
(19150,1190,18090,19150),
(19160,1190,18090,19160),
(19170,1190,18090,19170),
(19180,1190,18090,19180),
(19190,1190,18090,19190),
(19200,1190,18090,19200),
(19210,1190,18090,19210),
(19220,1190,18090,19220),
(19230,1190,18090,19230),
(19240,1190,18090,19240),
(3390,1044,18100,1043),
(18250,1105,18100,1110),
(18110,1225,18100,1360),
(18670,1220,18100,6040),
(18390,1200,18100,15100),
(18530,1210,18100,16040),
(3400,1044,18110,1043),
(18260,1105,18110,1110),
(18120,1225,18110,1350),
(18680,1220,18110,6087),
(18400,1200,18110,15110),
(18540,1210,18110,16070),
(3410,1044,18120,1043),
(18270,1105,18120,1110),
(18130,1225,18120,1340),
(18410,1200,18120,15120),
(18550,1210,18120,16080),
(18690,1220,18120,17070),
(3420,1044,18130,1043),
(18280,1105,18130,1110),
(18140,1225,18130,1340),
(18700,1220,18130,6040),
(18420,1200,18130,15130),
(18560,1210,18130,16020),
(8489,1044,18140,1043),
(8490,1105,18140,1110),
(8494,1225,18140,1340),
(8493,1220,18140,6090),
(8491,1200,18140,15009),
(8492,1210,18140,16100),
(8477,1044,18150,1043),
(8478,1105,18150,1110),
(8482,1225,18150,1340),
(8481,1220,18150,6090),
(8479,1200,18150,15009),
(8480,1210,18150,16110),
(8507,1044,18160,1043),
(8508,1105,18160,1110),
(8512,1225,18160,1340),
(8511,1220,18160,6085),
(8509,1200,18160,15020),
(8510,1210,18160,16100),
(8495,1044,18170,1043),
(8496,1105,18170,1110),
(8500,1225,18170,1340),
(8499,1220,18170,6085),
(8497,1200,18170,15020),
(8498,1210,18170,16110),
(8501,1044,18180,1043),
(8502,1105,18180,1110),
(8506,1225,18180,1340),
(8505,1220,18180,6085),
(8503,1200,18180,15020),
(8504,1210,18180,16090),
(8483,1044,18190,1043),
(8484,1105,18190,1110),
(8488,1225,18190,1340),
(8487,1220,18190,6090),
(8485,1200,18190,15009),
(8486,1210,18190,16090),
(8595,1044,18200,1043),
(8596,1105,18200,1110),
(8600,1225,18200,1340),
(8599,1220,18200,6090),
(8597,1200,18200,15009),
(8598,1210,18200,16095),
(8601,1044,18210,1043),
(8602,1105,18210,1110),
(8606,1225,18210,1340),
(8605,1220,18210,6085),
(8603,1200,18210,15020),
(8604,1210,18210,16095),
(8613,1044,18220,1043),
(8614,1105,18220,1110),
(8618,1225,18220,1340),
(8617,1220,18220,6090),
(8615,1200,18220,15009),
(8616,1210,18220,16120),
(8625,1044,18230,1043),
(8626,1105,18230,1110),
(8630,1225,18230,1340),
(8629,1220,18230,6090),
(8627,1200,18230,15009),
(8628,1210,18230,16130),
(8637,1044,18240,1043),
(8638,1105,18240,1110),
(8642,1225,18240,1340),
(8639,1200,18240,15009),
(8640,1210,18240,16140),
(8641,1220,18240,17110),
(8607,1044,18250,1043),
(8608,1105,18250,1110),
(8612,1225,18250,1340),
(8611,1220,18250,6085),
(8609,1200,18250,15020),
(8610,1210,18250,16120),
(8619,1044,18260,1043),
(8620,1105,18260,1110),
(8624,1225,18260,1340),
(8623,1220,18260,6085),
(8621,1200,18260,15020),
(8622,1210,18260,16130),
(8631,1044,18270,1043),
(8632,1105,18270,1110),
(8636,1225,18270,1340),
(8633,1200,18270,15020),
(8634,1210,18270,16140),
(8635,1220,18270,17110);
/*!40000 ALTER TABLE `cvterm_relationship` ENABLE KEYS */;
UNLOCK TABLES;

--
-- Dumping data for table `cvtermprop`
--

LOCK TABLES `cvtermprop` WRITE;
/*!40000 ALTER TABLE `cvtermprop` DISABLE KEYS */;
INSERT INTO `cvtermprop` (`cvtermprop_id`, `cvterm_id`, `type_id`, `value`, `rank`) VALUES 
(8000,8270,1113,'1',0),
(8010,8270,1115,'14',0);
/*!40000 ALTER TABLE `cvtermprop` ENABLE KEYS */;
UNLOCK TABLES;

--
-- Dumping data for table `cvtermsynonym`
--

LOCK TABLES `cvtermsynonym` WRITE;
/*!40000 ALTER TABLE `cvtermsynonym` DISABLE KEYS */;
INSERT INTO `cvtermsynonym` (`cvtermsynonym_id`, `cvterm_id`, `synonym`, `type_id`) VALUES 
(1310,1310,'Soil properties',1230),
(2000,2000,'Project management key',1230),
(2001,2000,'Program',1230),
(2010,2010,'Study name',1230),
(2020,2020,'Dataset name',1230),
(2040,2014,'Study purpose',1230),
(2050,2050,'Start',1230),
(2054,2054,'Seeding date',1230),
(2055,2054,'Sowing date',1230),
(2056,2054,'Date seeded',1230),
(2060,2052,'End',1230),
(2070,2070,'Research station',1230),
(2080,2080,'Principle investigator',1230),
(2081,2080,'Cooperator',1230),
(2082,2080,'Researcher',1230),
(2083,2080,'Investigator',1230),
(2084,2080,'Project member',1230),
(2085,2080,'Project manager',1230),
(2090,2090,'IP status',1230),
(2100,2100,'Occurance',1230),
(2101,2100,'Series',1230),
(2105,2105,'Nursery id',1230),
(2110,2110,'Site',1230),
(2120,2120,'Plot',1230),
(2124,2124,'Rows harvested',1230),
(2129,2129,'Hill spacing',1230),
(2130,2130,'Quadrat',1230),
(2131,2130,'Sample',1230),
(2140,2140,'Design',1230),
(2141,2140,'Sampling design',1230),
(2160,2160,'Sub block',1230),
(2170,2170,'Row',1230),
(2180,2180,'Column',1230),
(2182,2182,'Rows sown',1230),
(2190,2205,'Germplasm identifier',1230),
(2191,2205,'Designation',1230),
(2192,2205,'Variety',1230),
(2193,2205,'Cultivar',1230),
(2194,2205,'Line',1230),
(2196,2205,'Entry source',1230),
(2197,2207,'Pedigree',1230),
(2198,2205,'Selection history',1230),
(2199,2208,'Stock id',1230),
(2200,2205,'Heterotic group',1230),
(2201,2205,'Accession id',1230),
(2202,2205,'Unique id',1230),
(2203,2200,'Entry id',1230),
(2205,2205,'Germplasm identification',1230),
(2210,2210,'Plant density',1230),
(2350,2350,'Salinity',1230),
(2360,2360,'Soil drainage',1230),
(2410,2410,'Nitrogen fertilizer',1230),
(2420,2420,'Phosphorus fertilizer',1230),
(2430,2430,'Potassium fertilizer',1230),
(2440,2440,'Micronutrient fertilizer',1230),
(2452,2452,'Growing season',1230),
(2453,2452,'CropYear',1230),
(2460,2460,'Cultural practice',1230),
(2470,2470,'Precipitation',1230),
(2490,2490,'Daylight hours',1230),
(2491,2490,'Daylength',1230),
(2515,2515,'Herbicide application',1230),
(2620,2620,'Seed storage amount',1230),
(2621,2620,'Seed amount',1230),
(2622,2620,'Seed stock',1230),
(2640,2640,'Germination rate',1230),
(2655,2655,'Seed IP status',1230),
(2657,2657,'Seed lot',1230),
(2660,2660,'Lines selected',1230),
(2661,2660,'Plots selected',1230),
(2662,2660,'Families selected',1230),
(2663,4130,'Mean',1230),
(2670,2670,'Method',1230),
(2671,2670,'Maintenance method',1230),
(2672,2670,'Generative method',1230),
(2673,2670,'Derivative method',1230),
(2674,2670,'Crossing method',1230),
(2680,2490,'Sunshine hours',1230),
(2690,2065,'Remark',1230),
(2700,2209,'Check',1230),
(2710,2206,'Varietal group',1230),
(2712,2206,'Population code',1230),
(2720,2206,'Heterotic group',1230),
(3010,15080,'Seedling vigor',1230),
(3020,15030,'Days to flower',1230),
(3021,15110,'100 grain weight',1230),
(3023,8310,'Accession number',1230),
(3024,8310,'Accession name',1230),
(3025,15110,'1000 grain weight',1230),
(3027,15110,'Grein weight',1230),
(3029,2570,'DEGREE OF MOISTURE STRESS',1230),
(3030,2477,'DEPTH OF FLOODING',1230),
(3031,2477,'WATER DEPTH',1230),
(3033,2310,'CLAY IN SOIL',1230),
(3034,15045,'FERTILE SPIKELETS',1230),
(3035,2570,'MOISTURE STRESS',1230),
(3036,2053,'YEAR',1230),
(3037,2452,'CROP SEASON',1230),
(3038,15040,'DAYS TO MATURITY',1230),
(3040,15009,'GRAIN YIELD',1230),
(3048,2200,'ENTRY NUMBER',1230),
(3049,2340,'SOIL PH',1230),
(3050,2451,'WEATHER CONDITION',1230),
(3051,2500,'WATER MANAGEMENT',1230),
(3052,2470,'RAINY DAYS',1230),
(3053,2053,'MONTH',1230),
(3054,2053,'TIME OF MEASUREMENT/ OBSERVATION',1230),
(3055,2210,'SEEDLINGS PER HILL',1230),
(3068,2209,'LOCAL CHECK',1230),
(3071,15045,'FERTILE PANICLES',1230),
(3072,15110,'SEED WEIGHT',1230),
(3073,2160,'BLOCK IN LAYOUT',1230),
(3074,2120,'PLOT IDENTIFICATION',1230),
(3075,2150,'REPLICATION',1230),
(3077,15030,'FLOWERING',1230),
(3078,1340,'MATURITY',1230),
(3079,2670,'BMETH',1230),
(3080,2130,'SAMPLING UNIT',1230),
(3081,2130,'FIELD OBJECT',1230),
(3083,15080,'VIGOR',1230),
(3084,15009,'YIELD (GRAIN)',1230),
(3085,15010,'YIELD (BIOMASS)',1230),
(3087,15045,'FERTILITY',1230),
(3092,2160,'BLOCK NUMBER',1230),
(3093,2170,'ROW NUMBER',1230),
(3094,2180,'COLUMN NUMBER',1230),
(3095,2120,'PLOT NUMBER',1230),
(3096,2122,'HARVESTED PLOT',1230),
(3097,2122,'PLOT SIZE HARVESTED',1230),
(3098,2110,'COUNTRY',1230),
(3099,2100,'TRIAL',1230),
(3100,2056,'DATE TRANSPLANTED',1230),
(3101,2130,'SAMPLED PLANTS',1230),
(3102,2405,'AMOUNT OTHER FERTILIZER',1230),
(3103,15090,'PEST TYPE',1230),
(3104,15090,'PEST NAME',1230),
(3107,15110,'GRAIN WEIGHT',1230),
(3108,15115,'MOISTURE (GRAIN)',1230),
(3109,2140,'SURVEY DESIGN',1230),
(3110,2140,'STUDY DESIGN',1230),
(3111,15080,'GERMINATION VIGOR',1230),
(3112,1340,'HEADING',1230),
(3114,15110,'100-GRAIN WEIGHT',1230),
(3115,15110,'1000-GRAIN WEIGHT',1230),
(3116,2405,'FERTILIZER AMOUNT',1230),
(3117,2470,'RAINY PERIOD',1230),
(3118,2480,'ATMOSPHERIC TEMPERATURE',1230),
(3119,2054,'DATE OF PLANTING',1230),
(3122,15030,'ANTHESIS',1230),
(3123,15030,'DAYS TO ANTHESIS',1230),
(3124,2670,'BREEDSYS',1230),
(3125,1350,'MUCRO',1230),
(3126,2126,'LENGTH OF ROW',1230),
(3127,2210,'SEEDLING/HILL',1230),
(3128,2056,'TRANSPLANTING',1230),
(3129,2570,'DEGREE_MOIST',1230),
(3130,2250,'LAND_INCLINATION',1230),
(3131,2530,'DISEASE_PROTECT',1230),
(3132,2520,'INSECT_PROTECT',1230),
(3133,15090,'PEST_TYPE',1230),
(3134,15090,'PEST_NAME',1230),
(3135,2477,'FLOOD_DEPTH',1230),
(3136,2290,'SOIL_TYPE',1230),
(3137,2310,'CLAY_PCT',1230),
(3139,2477,'H2O_LEVEL',1230),
(3140,2053,'DAY',1230),
(3141,2477,'FLOOD_STAGE',1230),
(3142,2477,'FLOOD_DAYS',1230),
(3143,2477,'H20_ABOVE',1230),
(3144,2477,'H2O_LEVEL_TYPE',1230),
(3145,2475,'H2O_SOURCE_DIST',1230),
(3146,2475,'H2O_SOURCE_TYPE',1230),
(3147,2500,'BUNDED',1230),
(3148,2470,'DAYS_MOIST',1230),
(3149,2470,'STAGE_MOIST',1230),
(3150,2405,'FERTILIZER_NAME',1230),
(3151,2420,'APPLY_P2O5',1230),
(3152,2410,'APPLY_N',1230),
(3153,2123,'NO_OF_ROWS',1230),
(3154,2206,'SETNO',1230),
(3155,2070,'INSTITUTION',1230),
(3156,2150,'LAYOUT',1227),
(3157,2020,'DTYPE',1227),
(3158,2570,'MSTRES',1227),
(3161,2205,'VTY',1227),
(3162,2105,'NURS',1227),
(3163,2053,'YR',1227),
(3164,2452,'CSN',1227),
(3165,15080,'PLVG',1227),
(3166,15030,'DTF',1227),
(3167,15040,'DTM',1227),
(3168,15020,'PLHT',1227),
(3170,15060,'LG',1227),
(3174,15009,'YLD',1227),
(3201,2110,'LOCN',1227),
(3202,2100,'TRAIL',1227),
(3228,15080,'SDVG',1227),
(3234,2054,'SDATE',1227),
(3235,2451,'WEA',1227),
(3236,2500,'WMGT',1227),
(3238,2080,'COOP',1227),
(3240,2126,'ROWL',1227),
(3241,2128,'RSPC',1227),
(3242,2129,'HSPC',1227),
(3252,2010,'STUDY',1227),
(3254,15110,'SDWT',1227),
(3256,2180,'COL',1227),
(3257,2160,'BLK',1227),
(3259,15030,'FLW',1227),
(3260,1340,'MAT',1227),
(3261,2123,'ROWP',1227),
(3264,2660,'NPSEL',1227),
(3265,2210,'PLDEN',1227),
(3266,2660,'Plants selected',1230),
(3270,15080,'VG',1227),
(3271,15010,'YLDBIO',1227),
(3288,2452,'SEASON',1227),
(3289,2054,'DOS',1227),
(3290,2056,'DOT',1227),
(3297,15110,'GW',1227),
(3299,15080,'GRVG',1227),
(3301,1340,'HEAD',1227),
(3308,2477,'WDEP',1227),
(3316,15045,'SPFERT',1227),
(3330,15020,'SDHT',1227),
(3358,15110,'100GW',1227),
(3359,15110,'1000GW',1227),
(3364,2054,'DOP',1227),
(3365,2080,'INV',1227),
(3371,15030,'ANTH',1227),
(3372,15030,'DTA',1227),
(3380,2620,'STOCK',1227),
(3385,2670,'BREEDS',1227),
(3411,2070,'INST',1227),
(3412,2450,'ZONE',1227),
(3413,2110,'NURSER',1227),
(3414,2405,'FERT A',1227),
(3415,2054,'PDATE',1227),
(3416,2058,'HARV D',1227),
(3417,2515,'HERB T',1227),
(3418,2515,'HERB D',1227),
(3419,2515,'HERB R',1227),
(3420,2122,'PLOT S',1227),
(3421,2124,'AREA',1227),
(3422,2470,'PRECIP',1227),
(3423,15010,'FODMID',1227),
(3424,15010,'FODMAT',1227),
(3425,2410,'SPAD',1227),
(3426,15009,'PLOTYL',1227),
(3427,15110,'100SDW',1227),
(3428,15009,'YLDPLA',1227),
(3429,15120,'HI',1227),
(3430,15020,'CANOPY',1227),
(3431,15030,'FLOW50',1227),
(3432,15040,'MAT95',1227),
(3433,2200,'ENTRYC',1227),
(3434,2205,'GID',1227),
(3435,2200,'SOURCE',1227),
(3436,2200,'DESIGN',1227),
(3437,2200,'VTY',1227),
(3438,2105,'NRS',1227),
(3439,2053,'CS',1227),
(3440,2110,'LOC',1227),
(3441,2056,'TDATE',1227),
(3442,2470,'RNDYS',1227),
(3443,2470,'RAIN',1227),
(3444,2480,'TEMP',1227),
(3445,2405,'FERT T',1227),
(3446,2150,'REP',1227),
(3447,2160,'BLOCK',1227),
(3448,4030,'DATA T',1227),
(3449,2080,'COOP N',1227),
(3450,2070,'AGENCY',1227),
(3451,2210,'PSTAND',1227),
(3452,15030,'FLWR',1227),
(3453,15040,'MATR',1227),
(3454,15020,'PTHT',1227),
(3455,15009,'GYLD',1227),
(3456,15010,'DMTR',1227),
(3457,15110,'TWT',1227),
(3458,15090,'INST',1227),
(3459,15090,'DISES',1227),
(3460,2053,'TIME',1227),
(3461,2122,'PSIZE',1227),
(3462,2210,'SEEDH',1227),
(3463,2065,'REM',1227),
(3464,2660,'PSEL',1227),
(3465,2130,'SU',1227),
(3466,2130,'FO',1227),
(3467,2470,'PRCP',1227),
(3468,2200,'CVR',1227),
(3469,2120,'PNO',1227),
(3470,2124,'PSIZE',1227),
(3471,2110,'CNTRY',1227),
(3472,2450,'ECO',1227),
(3473,2452,'SESN',1227),
(3474,2130,'SAMP',1227),
(3475,2065,'CMT',1227),
(3476,2140,'ED',1227),
(3477,2470,'RPRD',1227),
(3478,2480,'CPRD',1227),
(3479,2210,'STDEME',1227),
(3480,2210,'STDHAR',1227),
(3481,15040,'DFPMAT',1227),
(3482,15110,'SEEDWT',1227),
(3483,2200,'GENTRY',1227),
(3484,2080,'PERS',1227),
(3485,2208,'SSOURC',1227),
(3486,2207,'CHIST',1227),
(3487,2205,'LRECID',1227),
(3488,15040,'MAT50',1227),
(3489,2450,'Agro-ecological zone',1230),
(3490,2110,'Nursery Site',1230),
(3491,2515,'Herbicide',1230),
(3492,2515,'Herbicide date',1230),
(3493,2515,'Herbicide rate',1230),
(3494,2124,'Plot area',1230),
(3495,2470,'Precipitation Amount',1230),
(3496,15010,'Biomass at Fowering',1230),
(3497,15010,'Biomass at Maturity',1230),
(3498,2410,'SPAD value',1230),
(3499,15009,'Grain yield per plot',1230),
(3500,15110,'100 seed weight',1230),
(3501,15009,'Grain yield per plant',1230),
(3502,15020,'Canopy Height at FLOW50',1230),
(3503,15030,'Days to 50% flowering',1230),
(3504,15040,'Days to 95% maturity',1230),
(3505,2053,'TEST YEAR',1230),
(3506,2200,'ENTRYCODE',1230),
(3507,2200,'DESIGNATION',1230),
(3508,2110,'Test Location',1230),
(3509,2405,'Fertilizer Type',1230),
(3510,2070,'Cooperator Institution',1230),
(3511,15010,'DRY MATTER',1230),
(3512,15090,'INSECTS',1230),
(3513,15090,'DISEASES',1230),
(3514,2124,'HARVESTED PLOT',1230),
(3515,2124,'PLOT SIZE HARVESTED',1230),
(3516,2480,'COLD PERIOD',1230),
(3517,2210,'Stand Emergence',1230),
(3518,2210,'Stand at Harvest',1230),
(3519,2065,'Breeders notes',1230),
(3520,6087,'grams',1230),
(3521,6095,'Sq. meters',1230),
(3522,6087,'gram',1230),
(3523,2209,'Check lines',1230),
(3524,16030,'Visual rating',1230),
(3526,6040,'Integer',1230),
(3527,17050,'Percentage',1230),
(3528,6088,'Kilogram',1230),
(3529,6085,'Centimeter',1230),
(3530,16030,'Visual observation',1230),
(3531,2080,'Collaborator',1230),
(3532,8180,'TRIAL_LOCATION',1230),
(3533,8189,'COUNTRY_CODE',1230),
(3534,8131,'nblocks',1230),
(3535,8131,'nreplicates',1230),
(3536,8132,'blocksize',1230),
(3537,8134,'replatingroups',1230),
(3538,8136,'nrows',1230),
(3539,8137,'ncolumns',1230),
(3540,8138,'nrlatin',1230),
(3541,8139,'nclatin',1230),
(3542,8142,'nblatin',1230);
/*!40000 ALTER TABLE `cvtermsynonym` ENABLE KEYS */;
UNLOCK TABLES;
/*!40103 SET TIME_ZONE=@OLD_TIME_ZONE */;

/*!40101 SET SQL_MODE=@OLD_SQL_MODE */;
/*!40014 SET FOREIGN_KEY_CHECKS=@OLD_FOREIGN_KEY_CHECKS */;
/*!40014 SET UNIQUE_CHECKS=@OLD_UNIQUE_CHECKS */;
/*!40101 SET CHARACTER_SET_CLIENT=@OLD_CHARACTER_SET_CLIENT */;
/*!40101 SET CHARACTER_SET_RESULTS=@OLD_CHARACTER_SET_RESULTS */;
/*!40101 SET COLLATION_CONNECTION=@OLD_COLLATION_CONNECTION */;
/*!40111 SET SQL_NOTES=@OLD_SQL_NOTES */;

-- Dump completed on 2014-08-28 17:37:53

--
-- Dumping data for table `projectprop`
--

LOCK TABLES `projectprop` WRITE;
/*!40000 ALTER TABLE `projectprop` DISABLE KEYS */;
INSERT INTO `projectprop` (`projectprop_id`, `project_id`, `type_id`, `value`, `rank`) VALUES (23,5,1011,'STUDY',1),(24,5,1060,'Study Name',1),(25,5,1070,'8005',1),(26,5,1012,'TITLE',2),(27,5,1060,'Title assigned',2),(28,5,1070,'8007',2),(29,5,1010,'STUDY_OBJECTIVE',3),(30,5,1060,'Objective of the study',3),(31,5,1070,'8030',3),(32,5,8030,'-',3),(33,5,1010,'STUDY_TYPE',4),(34,5,1060,'Study Type',4),(35,5,1070,'8070',4),(36,5,8070,'10030',4),(37,5,1010,'START_DATE',5),(38,5,1060,'Study start date',5),(39,5,1070,'8050',5),(40,5,8050,'2008',5),(41,5,1010,'START_DATE',6),(42,5,1060,'Study start date',6),(43,5,1070,'8060',6),(44,5,8060,'2008',6),(45,6,1043,'ELS',1),(46,6,1060,NULL,1),(47,6,1070,'22390',1),(48,6,1043,'SYHA',2),(49,6,1060,NULL,2),(50,6,1070,'18000',2),(51,7,1011,'STUDY',1),(52,7,1060,'Study Name',1),(53,7,1070,'8005',1),(54,7,1012,'TITLE',2),(55,7,1060,'Title assigned',2),(56,7,1070,'8007',2),(57,7,1010,'STUDY_OBJECTIVE',3),(58,7,1060,'Objective of the study',3),(59,7,1070,'8030',3),(60,7,8030,'-',3),(61,7,1010,'STUDY_TYPE',4),(62,7,1060,'Study Type',4),(63,7,1070,'8070',4),(64,7,8070,'10030',4),(65,7,1010,'START_DATE',5),(66,7,1060,'Study start date',5),(67,7,1070,'8050',5),(68,7,8050,'2008',5),(69,7,1010,'START_DATE',6),(70,7,1060,'Study start date',6),(71,7,1070,'8060',6),(72,7,8060,'2008',6),(73,8,1043,'ELS',1),(74,8,1060,NULL,1),(75,8,1070,'22390',1),(76,8,1043,'SYHA',2),(77,8,1060,NULL,2),(78,8,1070,'18000',2),(79,9,1011,'STUDY',1),(80,9,1060,'Study Name',1),(81,9,1070,'8005',1),(82,9,1012,'TITLE',2),(83,9,1060,'Title assigned',2),(84,9,1070,'8007',2),(85,9,1010,'STUDY_OBJECTIVE',3),(86,9,1060,'Objective of the study',3),(87,9,1070,'8030',3),(88,9,8030,'-',3),(89,9,1010,'STUDY_TYPE',4),(90,9,1060,'Study Type',4),(91,9,1070,'8070',4),(92,9,8070,'10030',4),(93,9,1010,'START_DATE',5),(94,9,1060,'Study start date',5),(95,9,1070,'8050',5),(96,9,8050,'2008',5),(97,9,1010,'START_DATE',6),(98,9,1060,'Study start date',6),(99,9,1070,'8060',6),(100,9,8060,'2008',6),(101,10,1043,'ELS',1),(102,10,1060,NULL,1),(103,10,1070,'22390',1),(104,10,1043,'SYHA',2),(105,10,1060,NULL,2),(106,10,1070,'18000',2),(107,11,1011,'STUDY',1),(108,11,1060,'Study Name',1),(109,11,1070,'8005',1),(110,11,1012,'TITLE',2),(111,11,1060,'Title assigned',2),(112,11,1070,'8007',2),(113,11,1010,'STUDY_OBJECTIVE',3),(114,11,1060,'Objective of the study',3),(115,11,1070,'8030',3),(116,11,8030,'-',3),(117,11,1010,'STUDY_TYPE',4),(118,11,1060,'Study Type',4),(119,11,1070,'8070',4),(120,11,8070,'10030',4),(121,11,1010,'START_DATE',5),(122,11,1060,'Study start date',5),(123,11,1070,'8050',5),(124,11,8050,'2009',5),(125,11,1010,'START_DATE',6),(126,11,1060,'Study start date',6),(127,11,1070,'8060',6),(128,11,8060,'2009',6),(129,12,1043,'DRO',1),(130,12,1060,NULL,1),(131,12,1070,'22389',1),(132,12,1043,'SYHA',2),(133,12,1060,NULL,2),(134,12,1070,'18000',2),(135,13,1011,'STUDY',1),(136,13,1060,'Study Name',1),(137,13,1070,'8005',1),(138,13,1012,'TITLE',2),(139,13,1060,'Title assigned',2),(140,13,1070,'8007',2),(141,13,1010,'STUDY_OBJECTIVE',3),(142,13,1060,'Objective of the study',3),(143,13,1070,'8030',3),(144,13,8030,'-',3),(145,13,1010,'STUDY_TYPE',4),(146,13,1060,'Study Type',4),(147,13,1070,'8070',4),(148,13,8070,'10030',4),(149,13,1010,'START_DATE',5),(150,13,1060,'Study start date',5),(151,13,1070,'8050',5),(152,13,8050,'2010',5),(153,13,1010,'START_DATE',6),(154,13,1060,'Study start date',6),(155,13,1070,'8060',6),(156,13,8060,'2010',6),(157,14,1043,'DRO',1),(158,14,1060,NULL,1),(159,14,1070,'22389',1),(160,14,1043,'SYHA',2),(161,14,1060,NULL,2),(162,14,1070,'18000',2),(163,15,1011,'STUDY',1),(164,15,1060,'Study Name',1),(165,15,1070,'8005',1),(166,15,1012,'TITLE',2),(167,15,1060,'Title assigned',2),(168,15,1070,'8007',2),(169,15,1010,'STUDY_OBJECTIVE',3),(170,15,1060,'Objective of the study',3),(171,15,1070,'8030',3),(172,15,8030,'-',3),(173,15,1010,'STUDY_TYPE',4),(174,15,1060,'Study Type',4),(175,15,1070,'8070',4),(176,15,8070,'10030',4),(177,15,1010,'START_DATE',5),(178,15,1060,'Study start date',5),(179,15,1070,'8050',5),(180,15,8050,'2010',5),(181,15,1010,'START_DATE',6),(182,15,1060,'Study start date',6),(183,15,1070,'8060',6),(184,15,8060,'2010',6),(185,16,1043,'RUST',1),(186,16,1060,NULL,1),(187,16,1070,'22413',1),(188,16,1043,'SYHA',2),(189,16,1060,NULL,2),(190,16,1070,'18000',2),(191,17,1011,'STUDY',1),(192,17,1060,'Study Name',1),(193,17,1070,'8005',1),(194,17,1012,'TITLE',2),(195,17,1060,'Title assigned',2),(196,17,1070,'8007',2),(197,17,1010,'STUDY_OBJECTIVE',3),(198,17,1060,'Objective of the study',3),(199,17,1070,'8030',3),(200,17,8030,'-',3),(201,17,1010,'STUDY_TYPE',4),(202,17,1060,'Study Type',4),(203,17,1070,'8070',4),(204,17,8070,'10030',4),(205,17,1010,'START_DATE',5),(206,17,1060,'Study start date',5),(207,17,1070,'8050',5),(208,17,8050,'20081201',5),(209,17,1010,'START_DATE',6),(210,17,1060,'Study start date',6),(211,17,1070,'8060',6),(212,17,8060,'20090430',6),(213,18,1020,'DATE',1),(214,18,1060,'-',1),(215,18,1070,'22380',1),(216,18,1021,'TRIAL',2),(217,18,1060,'-',2),(218,18,1070,'8170',2),(219,18,1020,'STD WEEK',3),(220,18,1060,'-',3),(221,18,1070,'22383',3),(222,18,1043,'EVAPORATION',4),(223,18,1060,NULL,4),(224,18,1070,'22391',4),(225,18,1043,'MAXTEMP',5),(226,18,1060,NULL,5),(227,18,1070,'22401',5),(228,18,1043,'MINTEMP',6),(229,18,1060,NULL,6),(230,18,1070,'22402',6),(231,18,1043,'RADIATION',7),(232,18,1060,NULL,7),(233,18,1070,'22408',7),(234,18,1043,'RAIN',8),(235,18,1060,NULL,8),(236,18,1070,'22409',8),(237,18,1043,'REL HUMIDITY  AT 07',9),(238,18,1060,NULL,9),(239,18,1070,'22410',9),(240,18,1043,'REL HUMIDITY  AT 14',10),(241,18,1060,NULL,10),(242,18,1070,'22412',10),(243,18,1043,'SUNSHINE',11),(244,18,1060,NULL,11),(245,18,1070,'22433',11),(246,18,1043,'WIND VELOCITY',12),(247,18,1060,NULL,12),(248,18,1070,'22442',12),(249,18,1043,'WIND VELOCITY',13),(250,18,1060,NULL,13),(251,18,1070,'22442',13),(252,19,1011,'STUDY',1),(253,19,1060,'Study Name',1),(254,19,1070,'8005',1),(255,19,1012,'TITLE',2),(256,19,1060,'Title assigned',2),(257,19,1070,'8007',2),(258,19,1010,'STUDY_OBJECTIVE',3),(259,19,1060,'Objective of the study',3),(260,19,1070,'8030',3),(261,19,8030,'-',3),(262,19,1010,'STUDY_TYPE',4),(263,19,1060,'Study Type',4),(264,19,1070,'8070',4),(265,19,8070,'10030',4),(266,19,1010,'START_DATE',5),(267,19,1060,'Study start date',5),(268,19,1070,'8050',5),(269,19,8050,'20091201',5),(270,19,1010,'START_DATE',6),(271,19,1060,'Study start date',6),(272,19,1070,'8060',6),(273,19,8060,'20100430',6),(274,20,1020,'DATE',1),(275,20,1060,'-',1),(276,20,1070,'22380',1),(277,20,1021,'TRIAL',2),(278,20,1060,'-',2),(279,20,1070,'8170',2),(280,20,1020,'STD WEEK',3),(281,20,1060,'-',3),(282,20,1070,'22383',3),(283,20,1043,'EVAPORATION',4),(284,20,1060,NULL,4),(285,20,1070,'22391',4),(286,20,1043,'MAXTEMP',5),(287,20,1060,NULL,5),(288,20,1070,'22401',5),(289,20,1043,'MINTEMP',6),(290,20,1060,NULL,6),(291,20,1070,'22402',6),(292,20,1043,'RADIATION',7),(293,20,1060,NULL,7),(294,20,1070,'22408',7),(295,20,1043,'RAIN',8),(296,20,1060,NULL,8),(297,20,1070,'22409',8),(298,20,1043,'REL HUMIDITY  AT 07',9),(299,20,1060,NULL,9),(300,20,1070,'22410',9),(301,20,1043,'REL HUMIDITY  AT 14',10),(302,20,1060,NULL,10),(303,20,1070,'22412',10),(304,20,1043,'SUNSHINE',11),(305,20,1060,NULL,11),(306,20,1070,'22433',11),(307,20,1043,'WIND VELOCITY',12),(308,20,1060,NULL,12),(309,20,1070,'22442',12),(310,20,1043,'WIND VELOCITY',13),(311,20,1060,NULL,13),(312,20,1070,'22442',13),(313,21,1011,'STUDY',1),(314,21,1060,'Study Name',1),(315,21,1070,'8005',1),(316,21,1012,'TITLE',2),(317,21,1060,'Title assigned',2),(318,21,1070,'8007',2),(319,21,1010,'STUDY_OBJECTIVE',3),(320,21,1060,'Objective of the study',3),(321,21,1070,'8030',3),(322,21,8030,'-',3),(323,21,1010,'STUDY_TYPE',4),(324,21,1060,'Study Type',4),(325,21,1070,'8070',4),(326,21,8070,'10030',4),(327,21,1010,'START_DATE',5),(328,21,1060,'Study start date',5),(329,21,1070,'8050',5),(330,21,8050,'20080825',5),(331,21,1010,'START_DATE',6),(332,21,1060,'Study start date',6),(333,21,1070,'8060',6),(334,21,8060,'20091231',6),(335,22,1020,'DATE',1),(336,22,1060,'-',1),(337,22,1070,'22380',1),(338,22,1021,'TRIAL',2),(339,22,1060,'-',2),(340,22,1070,'8170',2),(341,22,1020,'STD WEEK',3),(342,22,1060,'-',3),(343,22,1070,'22383',3),(344,22,1043,'EVAPORATION',4),(345,22,1060,NULL,4),(346,22,1070,'22391',4),(347,22,1043,'MAXTEMP',5),(348,22,1060,NULL,5),(349,22,1070,'22401',5),(350,22,1043,'MINTEMP',6),(351,22,1060,NULL,6),(352,22,1070,'22402',6),(353,22,1043,'RAIN',7),(354,22,1060,NULL,7),(355,22,1070,'22409',7),(356,22,1043,'REL HUMIDITY  AT 07',8),(357,22,1060,NULL,8),(358,22,1070,'22410',8),(359,22,1043,'REL HUMIDITY  AT 13',9),(360,22,1060,NULL,9),(361,22,1070,'22411',9),(362,22,1043,'ST05 AT 07',10),(363,22,1060,NULL,10),(364,22,1070,'22429',10),(365,22,1043,'ST05 AT 13',11),(366,22,1060,NULL,11),(367,22,1070,'22430',11),(368,22,1043,'ST10 AT 07',12),(369,22,1060,NULL,12),(370,22,1070,'22431',12),(371,22,1043,'ST10 AT 13',13),(372,22,1060,NULL,13),(373,22,1070,'22432',13),(374,22,1043,'WIND VELOCITY',14),(375,22,1060,NULL,14),(376,22,1070,'22442',14),(377,22,1043,'WIND VELOCITY',15),(378,22,1060,NULL,15),(379,22,1070,'22442',15),(380,23,1011,'STUDY',1),(381,23,1060,'Study Name',1),(382,23,1070,'8005',1),(383,23,1012,'TITLE',2),(384,23,1060,'Title assigned',2),(385,23,1070,'8007',2),(386,23,1010,'STUDY_OBJECTIVE',3),(387,23,1060,'Objective of the study',3),(388,23,1070,'8030',3),(389,23,8030,'-',3),(390,23,1010,'STUDY_TYPE',4),(391,23,1060,'Study Type',4),(392,23,1070,'8070',4),(393,23,8070,'10030',4),(394,23,1010,'START_DATE',5),(395,23,1060,'Study start date',5),(396,23,1070,'8050',5),(397,23,8050,'20090222',5),(398,23,1010,'START_DATE',6),(399,23,1060,'Study start date',6),(400,23,1070,'8060',6),(401,23,8060,'20100630',6),(402,24,1020,'DATE',1),(403,24,1060,'-',1),(404,24,1070,'22380',1),(405,24,1021,'TRIAL',2),(406,24,1060,'-',2),(407,24,1070,'8170',2),(408,24,1020,'STD WEEK',3),(409,24,1060,'-',3),(410,24,1070,'22383',3),(411,24,1043,'EVAPORATION',4),(412,24,1060,NULL,4),(413,24,1070,'22391',4),(414,24,1043,'MAXTEMP',5),(415,24,1060,NULL,5),(416,24,1070,'22401',5),(417,24,1043,'MINTEMP',6),(418,24,1060,NULL,6),(419,24,1070,'22402',6),(420,24,1043,'RAIN',7),(421,24,1060,NULL,7),(422,24,1070,'22409',7),(423,24,1043,'REL HUMIDITY  AT 07',8),(424,24,1060,NULL,8),(425,24,1070,'22410',8),(426,24,1043,'REL HUMIDITY  AT 13',9),(427,24,1060,NULL,9),(428,24,1070,'22411',9),(429,24,1043,'ST05 AT 07',10),(430,24,1060,NULL,10),(431,24,1070,'22429',10),(432,24,1043,'ST05 AT 13',11),(433,24,1060,NULL,11),(434,24,1070,'22430',11),(435,24,1043,'ST10 AT 07',12),(436,24,1060,NULL,12),(437,24,1070,'22431',12),(438,24,1043,'ST10 AT 13',13),(439,24,1060,NULL,13),(440,24,1070,'22432',13),(441,24,1043,'WIND VELOCITY',14),(442,24,1060,NULL,14),(443,24,1070,'22442',14),(444,24,1043,'WIND VELOCITY',15),(445,24,1060,NULL,15),(446,24,1070,'22442',15),(447,25,1011,'STUDY',1),(448,25,1060,'Study Name',1),(449,25,1070,'8005',1),(450,25,1012,'TITLE',2),(451,25,1060,'Title assigned',2),(452,25,1070,'8007',2),(453,25,1010,'STUDY_OBJECTIVE',3),(454,25,1060,'Objective of the study',3),(455,25,1070,'8030',3),(456,25,8030,'-',3),(457,25,1010,'STUDY_TYPE',4),(458,25,1060,'Study Type',4),(459,25,1070,'8070',4),(460,25,8070,'10030',4),(461,25,1010,'START_DATE',5),(462,25,1060,'Study start date',5),(463,25,1070,'8050',5),(464,25,8050,'2008',5),(465,25,1010,'START_DATE',6),(466,25,1060,'Study start date',6),(467,25,1070,'8060',6),(468,25,8060,'2009',6),(469,26,1043,'Haulmwt',1),(470,26,1060,NULL,1),(471,26,1070,'22395',1),(472,26,1043,'HI',2),(473,26,1060,NULL,2),(474,26,1070,'22396',2),(475,26,1043,'PW',3),(476,26,1060,NULL,3),(477,26,1070,'22405',3),(478,26,1043,'PW',4),(479,26,1060,NULL,4),(480,26,1070,'22405',4),(481,26,1043,'PW',5),(482,26,1060,NULL,5),(483,26,1070,'22405',5),(484,27,1011,'STUDY',1),(485,27,1060,'Study Name',1),(486,27,1070,'8005',1),(487,27,1012,'TITLE',2),(488,27,1060,'Title assigned',2),(489,27,1070,'8007',2),(490,27,1010,'STUDY_OBJECTIVE',3),(491,27,1060,'Objective of the study',3),(492,27,1070,'8030',3),(493,27,8030,'-',3),(494,27,1010,'STUDY_TYPE',4),(495,27,1060,'Study Type',4),(496,27,1070,'8070',4),(497,27,8070,'10030',4),(498,27,1010,'START_DATE',5),(499,27,1060,'Study start date',5),(500,27,1070,'8050',5),(501,27,8050,'2009',5),(502,27,1010,'START_DATE',6),(503,27,1060,'Study start date',6),(504,27,1070,'8060',6),(505,27,8060,'2010',6),(506,28,1020,'LOC',1),(507,28,1060,'Location Name',1),(508,28,1070,'8180',1),(509,28,1020,'LOCID',2),(510,28,1060,'IGnIS Location ID',2),(511,28,1070,'8190',2),(512,28,1041,'ENTNO',3),(513,28,1060,'Entry Number',3),(514,28,1070,'8230',3),(515,28,1041,'TREATMENT',4),(516,28,1060,'-',4),(517,28,1070,'22384',4),(518,28,1041,'GID',5),(519,28,1060,'-',5),(520,28,1070,'8240',5),(521,28,1041,'DESIGNATION',6),(522,28,1060,'-',6),(523,28,1070,'8250',6),(524,28,1043,'Haulmwt',7),(525,28,1060,NULL,7),(526,28,1070,'22395',7),(527,28,1043,'HI',8),(528,28,1060,NULL,8),(529,28,1070,'22396',8),(530,28,1043,'PW',9),(531,28,1060,NULL,9),(532,28,1070,'22405',9),(539,29,1011,'STUDY',1),(540,29,1060,'Study Name',1),(541,29,1070,'8005',1),(542,29,1012,'TITLE',2),(543,29,1060,'Title assigned',2),(544,29,1070,'8007',2),(545,29,1010,'STUDY_OBJECTIVE',3),(546,29,1060,'Objective of the study',3),(547,29,1070,'8030',3),(548,29,8030,'-',3),(549,29,1010,'STUDY_TYPE',4),(550,29,1060,'Study Type',4),(551,29,1070,'8070',4),(552,29,8070,'10030',4),(553,29,1010,'START_DATE',5),(554,29,1060,'Study start date',5),(555,29,1070,'8050',5),(556,29,8050,'2008',5),(557,29,1010,'START_DATE',6),(558,29,1060,'Study start date',6),(559,29,1070,'8060',6),(560,29,8060,'2008',6),(561,30,1020,'LOC',1),(562,30,1060,'Location Name',1),(563,30,1070,'8180',1),(564,30,1020,'LOCID',2),(565,30,1060,'IGnIS Location ID',2),(566,30,1070,'8190',2),(567,30,1041,'ENTNO',3),(568,30,1060,'Entry Number',3),(569,30,1070,'8230',3),(570,30,1041,'TREATMENT',4),(571,30,1060,'-',4),(572,30,1070,'22384',4),(573,30,1041,'GID',5),(574,30,1060,'-',5),(575,30,1070,'8240',5),(576,30,1041,'DESIGNATION',6),(577,30,1060,'-',6),(578,30,1070,'8250',6),(579,30,1043,'Haulmwt',7),(580,30,1060,NULL,7),(581,30,1070,'22395',7),(582,30,1043,'HI',8),(583,30,1060,NULL,8),(584,30,1070,'22396',8),(585,30,1043,'PW',9),(586,30,1060,NULL,9),(587,30,1070,'22405',9),(594,31,1011,'STUDY',1),(595,31,1060,'Study Name',1),(596,31,1070,'8005',1),(597,31,1012,'TITLE',2),(598,31,1060,'Title assigned',2),(599,31,1070,'8007',2),(600,31,1010,'STUDY_OBJECTIVE',3),(601,31,1060,'Objective of the study',3),(602,31,1070,'8030',3),(603,31,8030,'-',3),(604,31,1010,'STUDY_TYPE',4),(605,31,1060,'Study Type',4),(606,31,1070,'8070',4),(607,31,8070,'10030',4),(608,31,1010,'START_DATE',5),(609,31,1060,'Study start date',5),(610,31,1070,'8050',5),(611,31,8050,'2009',5),(612,31,1010,'START_DATE',6),(613,31,1060,'Study start date',6),(614,31,1070,'8060',6),(615,31,8060,'2009',6),(616,32,1020,'LOC',1),(617,32,1060,'Location Name',1),(618,32,1070,'8180',1),(619,32,1020,'LOCID',2),(620,32,1060,'IGnIS Location ID',2),(621,32,1070,'8190',2),(622,32,1041,'ENTNO',3),(623,32,1060,'Entry Number',3),(624,32,1070,'8230',3),(625,32,1041,'TREATMENT',4),(626,32,1060,'-',4),(627,32,1070,'22384',4),(628,32,1041,'GID',5),(629,32,1060,'-',5),(630,32,1070,'8240',5),(631,32,1041,'DESIGNATION',6),(632,32,1060,'-',6),(633,32,1070,'8250',6),(634,32,1043,'Haulmwt',7),(635,32,1060,NULL,7),(636,32,1070,'22395',7),(637,32,1043,'HI',8),(638,32,1060,NULL,8),(639,32,1070,'22396',8),(640,32,1043,'PW',9),(641,32,1060,NULL,9),(642,32,1070,'22405',9),(649,33,1011,'STUDY',1),(650,33,1060,'Study Name',1),(651,33,1070,'8005',1),(652,33,1012,'TITLE',2),(653,33,1060,'Title assigned',2),(654,33,1070,'8007',2),(655,33,1010,'STUDY_OBJECTIVE',3),(656,33,1060,'Objective of the study',3),(657,33,1070,'8030',3),(658,33,8030,'-',3),(659,33,1010,'STUDY_TYPE',4),(660,33,1060,'Study Type',4),(661,33,1070,'8070',4),(662,33,8070,'10030',4),(663,33,1010,'START_DATE',5),(664,33,1060,'Study start date',5),(665,33,1070,'8050',5),(666,33,8050,'2009',5),(667,33,1010,'START_DATE',6),(668,33,1060,'Study start date',6),(669,33,1070,'8060',6),(670,33,8060,'2009',6),(671,34,1020,'LOC',1),(672,34,1060,'Location Name',1),(673,34,1070,'8180',1),(674,34,1020,'LOCID',2),(675,34,1060,'IGnIS Location ID',2),(676,34,1070,'8190',2),(677,34,1041,'ENTNO',3),(678,34,1060,'Entry Number',3),(679,34,1070,'8230',3),(680,34,1041,'TREATMENT',4),(681,34,1060,'-',4),(682,34,1070,'22384',4),(683,34,1041,'GID',5),(684,34,1060,'-',5),(685,34,1070,'8240',5),(686,34,1041,'DESIGNATION',6),(687,34,1060,'-',6),(688,34,1070,'8250',6),(689,34,1043,'Haulmwt',7),(690,34,1060,NULL,7),(691,34,1070,'22395',7),(692,34,1043,'HI',8),(693,34,1060,NULL,8),(694,34,1070,'22396',8),(695,34,1043,'PW',9),(696,34,1060,NULL,9),(697,34,1070,'22405',9),(701,34,1043,'PW',11),(702,34,1060,NULL,11),(703,34,1070,'22405',11),(704,35,1011,'STUDY',1),(705,35,1060,'Study Name',1),(706,35,1070,'8005',1),(707,35,1012,'TITLE',2),(708,35,1060,'Title assigned',2),(709,35,1070,'8007',2),(710,35,1010,'STUDY_OBJECTIVE',3),(711,35,1060,'Objective of the study',3),(712,35,1070,'8030',3),(713,35,8030,'-',3),(714,35,1010,'STUDY_TYPE',4),(715,35,1060,'Study Type',4),(716,35,1070,'8070',4),(717,35,8070,'10030',4),(718,35,1010,'START_DATE',5),(719,35,1060,'Study start date',5),(720,35,1070,'8050',5),(721,35,8050,'2010',5),(722,35,1010,'START_DATE',6),(723,35,1060,'Study start date',6),(724,35,1070,'8060',6),(725,35,8060,'2010',6),(726,36,1020,'LOC',1),(727,36,1060,'Location Name',1),(728,36,1070,'8180',1),(729,36,1020,'LOCID',2),(730,36,1060,'IGnIS Location ID',2),(731,36,1070,'8190',2),(732,36,1041,'ENTNO',3),(733,36,1060,'Entry Number',3),(734,36,1070,'8230',3),(735,36,1041,'TREATMENT',4),(736,36,1060,'-',4),(737,36,1070,'22384',4),(738,36,1041,'GID',5),(739,36,1060,'-',5),(740,36,1070,'8240',5),(741,36,1041,'DESIGNATION',6),(742,36,1060,'-',6),(743,36,1070,'8250',6),(744,36,1043,'Haulmwt',7),(745,36,1060,NULL,7),(746,36,1070,'22395',7),(747,36,1043,'HI',8),(748,36,1060,NULL,8),(749,36,1070,'22396',8),(750,36,1043,'PW',9),(751,36,1060,NULL,9),(752,36,1070,'22405',9),(756,36,1043,'PW',11),(757,36,1060,NULL,11),(758,36,1070,'22405',11),(759,37,1011,'STUDY',1),(760,37,1060,'Study Name',1),(761,37,1070,'8005',1),(762,37,1012,'TITLE',2),(763,37,1060,'Title assigned',2),(764,37,1070,'8007',2),(765,37,1010,'STUDY_OBJECTIVE',3),(766,37,1060,'Objective of the study',3),(767,37,1070,'8030',3),(768,37,8030,'-',3),(769,37,1010,'STUDY_TYPE',4),(770,37,1060,'Study Type',4),(771,37,1070,'8070',4),(772,37,8070,'10030',4),(773,37,1010,'START_DATE',5),(774,37,1060,'Study start date',5),(775,37,1070,'8050',5),(776,37,8050,'2008',5),(777,37,1010,'START_DATE',6),(778,37,1060,'Study start date',6),(779,37,1070,'8060',6),(780,37,8060,'2008',6),(781,38,1020,'LOCID',1),(782,38,1060,'IGnIS Location ID',1),(783,38,1070,'8190',1),(784,38,1020,'LOC',2),(785,38,1060,'Location Name',2),(786,38,1070,'8180',2),(787,38,1041,'DESIGNATION',3),(788,38,1060,'-',3),(789,38,1070,'8250',3),(790,38,1041,'TREATMENT',4),(791,38,1060,'-',4),(792,38,1070,'22384',4),(793,38,1041,'ENTNO',5),(794,38,1060,'Entry Number',5),(795,38,1070,'8230',5),(796,38,1041,'PLOT',6),(797,38,1060,'-',6),(798,38,1070,'8200',6),(799,38,1041,'GID',7),(800,38,1060,'-',7),(801,38,1070,'8240',7),(802,38,1041,'REP',8),(803,38,1060,'-',8),(804,38,1070,'8210',8),(805,38,1043,'BM',9),(806,38,1060,NULL,9),(807,38,1070,'22386',9),(811,38,1043,'FLWTIME',11),(812,38,1060,NULL,11),(813,38,1070,'18030',11),(814,38,1043,'TE',12),(815,38,1060,NULL,12),(816,38,1070,'22437',12),(820,38,1043,'TP',14),(821,38,1060,NULL,14),(822,38,1070,'22439',14),(823,39,1011,'STUDY',1),(824,39,1060,'Study Name',1),(825,39,1070,'8005',1),(826,39,1012,'TITLE',2),(827,39,1060,'Title assigned',2),(828,39,1070,'8007',2),(829,39,1010,'STUDY_OBJECTIVE',3),(830,39,1060,'Objective of the study',3),(831,39,1070,'8030',3),(832,39,8030,'-',3),(833,39,1010,'STUDY_TYPE',4),(834,39,1060,'Study Type',4),(835,39,1070,'8070',4),(836,39,8070,'10030',4),(837,39,1010,'START_DATE',5),(838,39,1060,'Study start date',5),(839,39,1070,'8050',5),(840,39,8050,'2008',5),(841,39,1010,'START_DATE',6),(842,39,1060,'Study start date',6),(843,39,1070,'8060',6),(844,39,8060,'2008',6),(845,40,1020,'LOC',1),(846,40,1060,'Location Name',1),(847,40,1070,'8180',1),(848,40,1020,'LOCID',2),(849,40,1060,'IGnIS Location ID',2),(850,40,1070,'8190',2),(851,40,1041,'ENTNO',3),(852,40,1060,'Entry Number',3),(853,40,1070,'8230',3),(854,40,1041,'TREATMENT',4),(855,40,1060,'-',4),(856,40,1070,'22384',4),(857,40,1041,'GID',5),(858,40,1060,'-',5),(859,40,1070,'8240',5),(860,40,1041,'DESIGNATION',6),(861,40,1060,'-',6),(862,40,1070,'8250',6),(863,40,1043,'BM',7),(864,40,1060,NULL,7),(865,40,1070,'22386',7),(869,40,1043,'TE',9),(870,40,1060,NULL,9),(871,40,1070,'22437',9),(875,40,1043,'TP',11),(876,40,1060,NULL,11),(877,40,1070,'22439',11),(878,41,1011,'STUDY',1),(879,41,1060,'Study Name',1),(880,41,1070,'8005',1),(881,41,1012,'TITLE',2),(882,41,1060,'Title assigned',2),(883,41,1070,'8007',2),(884,41,1010,'STUDY_OBJECTIVE',3),(885,41,1060,'Objective of the study',3),(886,41,1070,'8030',3),(887,41,8030,'-',3),(888,41,1010,'STUDY_TYPE',4),(889,41,1060,'Study Type',4),(890,41,1070,'8070',4),(891,41,8070,'10030',4),(892,41,1010,'START_DATE',5),(893,41,1060,'Study start date',5),(894,41,1070,'8050',5),(895,41,8050,'2009',5),(896,41,1010,'START_DATE',6),(897,41,1060,'Study start date',6),(898,41,1070,'8060',6),(899,41,8060,'2009',6),(900,42,1020,'LOC',1),(901,42,1060,'Location Name',1),(902,42,1070,'8180',1),(903,42,1020,'LOCID',2),(904,42,1060,'IGnIS Location ID',2),(905,42,1070,'8190',2),(906,42,1041,'GID',3),(907,42,1060,'-',3),(908,42,1070,'8240',3),(909,42,1041,'REP',4),(910,42,1060,'-',4),(911,42,1070,'8210',4),(912,42,1041,'TREATMENT',5),(913,42,1060,'-',5),(914,42,1070,'22384',5),(915,42,1041,'DESIGNATION',6),(916,42,1060,'-',6),(917,42,1070,'8250',6),(918,42,1041,'BLOCK',7),(919,42,1060,'-',7),(920,42,1070,'8220',7),(921,42,1041,'ENTNO',8),(922,42,1060,'Entry Number',8),(923,42,1070,'8230',8),(924,42,1041,'PLOT',9),(925,42,1060,'-',9),(926,42,1070,'8200',9),(927,42,1041,'CylNo',10),(928,42,1060,'-',10),(929,42,1070,'8300',10),(930,42,1043,'GRYLD',11),(931,42,1060,NULL,11),(932,42,1070,'18000',11),(933,42,1043,'HI',12),(934,42,1060,'Proportion of grain yield over total bimass yield, expressed as a percentage.',12),(935,42,1070,'22396',12),(936,42,1043,'PN',13),(937,42,1060,'Is a count of the number of pods per plant grown in the pot or field.',13),(938,42,1070,'22403',13),(948,42,1043,'PW',17),(949,42,1060,'Weight of pods from a plant grown in the pot or field.',17),(950,42,1070,'22405',17),(951,42,1043,'SDNPL',18),(952,42,1060,'Number of seeds counted per plant',18),(953,42,1070,'22414',18),(954,42,1043,'SLA',19),(955,42,1060,NULL,19),(956,42,1070,'22417',19),(957,42,1043,'SPAD1',20),(958,42,1060,'A qualitative measurement of leaf chlorophyll content',20),(959,42,1070,'22421',20),(960,42,1043,'SPAD2',21),(961,42,1060,'A qualitative measurement of leaf chlorophyll content',21),(962,42,1070,'22422',21),(963,42,1043,'TE',22),(964,42,1060,'The amount of water used for the amount of biomass production',22),(965,42,1070,'22437',22),(969,42,1043,'TP',24),(970,42,1060,'The amount of water transpired by leaf stomata',24),(971,42,1070,'22439',24),(972,42,1043,'VBDW',25),(973,42,1060,NULL,25),(974,42,1070,'22440',25),(975,43,1011,'STUDY',1),(976,43,1060,'Study Name',1),(977,43,1070,'8005',1),(978,43,1012,'TITLE',2),(979,43,1060,'Title assigned',2),(980,43,1070,'8007',2),(981,43,1010,'STUDY_OBJECTIVE',3),(982,43,1060,'Objective of the study',3),(983,43,1070,'8030',3),(984,43,8030,'-',3),(985,43,1010,'STUDY_TYPE',4),(986,43,1060,'Study Type',4),(987,43,1070,'8070',4),(988,43,8070,'10030',4),(989,43,1010,'START_DATE',5),(990,43,1060,'Study start date',5),(991,43,1070,'8050',5),(992,43,8050,'2009',5),(993,43,1010,'START_DATE',6),(994,43,1060,'Study start date',6),(995,43,1070,'8060',6),(996,43,8060,'2009',6),(997,44,1020,'LOCID',1),(998,44,1060,'IGnIS Location ID',1),(999,44,1070,'8190',1),(1000,44,1020,'LOC',2),(1001,44,1060,'Location Name',2),(1002,44,1070,'8180',2),(1003,44,1041,'DESIGNATION',3),(1004,44,1060,'-',3),(1005,44,1070,'8250',3),(1006,44,1041,'BLOCK',4),(1007,44,1060,'-',4),(1008,44,1070,'8220',4),(1009,44,1041,'TREATMENT',5),(1010,44,1060,'-',5),(1011,44,1070,'22384',5),(1012,44,1041,'ENTNO',6),(1013,44,1060,'Entry Number',6),(1014,44,1070,'8230',6),(1015,44,1041,'PLOT',7),(1016,44,1060,'-',7),(1017,44,1070,'8200',7),(1018,44,1041,'ROW',8),(1019,44,1060,'-',8),(1020,44,1070,'22381',8),(1021,44,1041,'GID',9),(1022,44,1060,'-',9),(1023,44,1070,'8240',9),(1024,44,1041,'REP',10),(1025,44,1060,'-',10),(1026,44,1070,'8210',10),(1027,44,1041,'PIT',11),(1028,44,1060,'-',11),(1029,44,1070,'8200',11),(1030,44,1043,'HI',12),(1031,44,1060,'Proportion of grain yield over total bimass yield, expressed as a percentage.',12),(1032,44,1070,'22396',12),(1033,44,1043,'LW',13),(1034,44,1060,NULL,13),(1035,44,1070,'22399',13),(1045,44,1043,'PW',17),(1046,44,1060,'Weight of pods from a plant grown in the pot or field.',17),(1047,44,1070,'22405',17),(1048,44,1043,'SDWT',18),(1049,44,1060,NULL,18),(1050,44,1070,'18110',18),(1051,44,1043,'SLA',19),(1052,44,1060,NULL,19),(1053,44,1070,'22417',19),(1054,44,1043,'SLW',20),(1055,44,1060,NULL,20),(1056,44,1070,'22420',20),(1057,44,1043,'SPAD1',21),(1058,44,1060,'A qualitative measurement of leaf chlorophyll content',21),(1059,44,1070,'22421',21),(1060,44,1043,'SPAD2',22),(1061,44,1060,'A qualitative measurement of leaf chlorophyll content',22),(1062,44,1070,'22422',22),(1063,44,1043,'SPAD3',23),(1064,44,1060,'A qualitative measurement of leaf chlorophyll content',23),(1065,44,1070,'22423',23),(1066,44,1043,'SW',24),(1067,44,1060,NULL,24),(1068,44,1070,'22434',24),(1075,44,1043,'TE',27),(1076,44,1060,'The amount of water used for the amount of biomass production',27),(1077,44,1070,'22437',27),(1078,44,1043,'TP',28),(1079,44,1060,'The amount of water transpired by leaf stomata',28),(1080,44,1070,'22439',28),(1081,45,1011,'STUDY',1),(1082,45,1060,'Study Name',1),(1083,45,1070,'8005',1),(1084,45,1012,'TITLE',2),(1085,45,1060,'Title assigned',2),(1086,45,1070,'8007',2),(1087,45,1010,'STUDY_OBJECTIVE',3),(1088,45,1060,'Objective of the study',3),(1089,45,1070,'8030',3),(1090,45,8030,'-',3),(1091,45,1010,'STUDY_TYPE',4),(1092,45,1060,'Study Type',4),(1093,45,1070,'8070',4),(1094,45,8070,'10030',4),(1095,45,1010,'START_DATE',5),(1096,45,1060,'Study start date',5),(1097,45,1070,'8050',5),(1098,45,8050,'2010',5),(1099,45,1010,'START_DATE',6),(1100,45,1060,'Study start date',6),(1101,45,1070,'8060',6),(1102,45,8060,'2010',6),(1103,46,1020,'LOCID',1),(1104,46,1060,'IGnIS Location ID',1),(1105,46,1070,'8190',1),(1106,46,1020,'LOC',2),(1107,46,1060,'Location Name',2),(1108,46,1070,'8180',2),(1109,46,1041,'DESIGNATION',3),(1110,46,1060,'-',3),(1111,46,1070,'8250',3),(1112,46,1041,'REP',4),(1113,46,1060,'-',4),(1114,46,1070,'8210',4),(1115,46,1041,'BLOCK',5),(1116,46,1060,'-',5),(1117,46,1070,'8220',5),(1118,46,1041,'ENTNO',6),(1119,46,1060,'Entry Number',6),(1120,46,1070,'8230',6),(1121,46,1041,'PLOT',7),(1122,46,1060,'-',7),(1123,46,1070,'8200',7),(1124,46,1041,'TREATMENT',8),(1125,46,1060,'-',8),(1126,46,1070,'22384',8),(1127,46,1041,'GID',9),(1128,46,1060,'-',9),(1129,46,1070,'8240',9),(1130,46,1041,'SET',10),(1131,46,1060,'-',10),(1132,46,1070,'22382',10),(1133,46,1041,'ROW',11),(1134,46,1060,'-',11),(1135,46,1070,'22381',11),(1136,46,1043,'BM',12),(1137,46,1060,NULL,12),(1138,46,1070,'22386',12),(1142,46,1043,'LA',14),(1143,46,1060,NULL,14),(1144,46,1070,'22397',14),(1145,46,1043,'LW',15),(1146,46,1060,NULL,15),(1147,46,1070,'22399',15),(1154,46,1043,'PN',18),(1155,46,1060,NULL,18),(1156,46,1070,'22403',18),(1160,46,1043,'PW',20),(1161,46,1060,NULL,20),(1162,46,1070,'22405',20),(1166,46,1043,'SDWT',22),(1167,46,1060,NULL,22),(1168,46,1070,'18110',22),(1169,46,1043,'SW',23),(1170,46,1060,NULL,23),(1171,46,1070,'22434',23),(1178,46,1043,'TE',26),(1179,46,1060,NULL,26),(1180,46,1070,'22437',26),(1181,46,1043,'TP',27),(1182,46,1060,NULL,27),(1183,46,1070,'22439',27),(1184,47,1011,'STUDY',1),(1185,47,1060,'Study Name',1),(1186,47,1070,'8005',1),(1187,47,1012,'TITLE',2),(1188,47,1060,'Title assigned',2),(1189,47,1070,'8007',2),(1190,47,1010,'STUDY_OBJECTIVE',3),(1191,47,1060,'Objective of the study',3),(1192,47,1070,'8030',3),(1193,47,8030,'-',3),(1194,47,1010,'STUDY_TYPE',4),(1195,47,1060,'Study Type',4),(1196,47,1070,'8070',4),(1197,47,8070,'10030',4),(1198,47,1010,'START_DATE',5),(1199,47,1060,'Study start date',5),(1200,47,1070,'8050',5),(1201,47,8050,'2009',5),(1202,47,1010,'START_DATE',6),(1203,47,1060,'Study start date',6),(1204,47,1070,'8060',6),(1205,47,8060,'2009',6),(1206,48,1020,'LOC',1),(1207,48,1060,'Location Name',1),(1208,48,1070,'8180',1),(1209,48,1020,'LOCID',2),(1210,48,1060,'IGnIS Location ID',2),(1211,48,1070,'8190',2),(1212,48,1041,'ENTNO',3),(1213,48,1060,'Entry Number',3),(1214,48,1070,'8230',3),(1215,48,1041,'REP',4),(1216,48,1060,'REPLICATION',4),(1217,48,1070,'8210',4),(1218,48,1041,'GID',5),(1219,48,1060,'Germplasm Identifier',5),(1220,48,1070,'8240',5),(1221,48,1041,'DESIGNATION',6),(1222,48,1060,'Name of Germplasm',6),(1223,48,1070,'8250',6),(1224,48,1043,'BM',7),(1225,48,1060,'-',7),(1226,48,1070,'22386',7),(1230,48,1043,'LA',9),(1231,48,1060,NULL,9),(1232,48,1070,'22397',9),(1233,48,1043,'Leaf DW',10),(1234,48,1060,NULL,10),(1235,48,1070,'22398',10),(1236,48,1043,'SPAD1',11),(1237,48,1060,'A qualitative measurement of leaf chlorophyll content',11),(1238,48,1070,'22421',11),(1239,48,1043,'SPAD2',12),(1240,48,1060,'A qualitative measurement of leaf chlorophyll content',12),(1241,48,1070,'22422',12),(1242,48,1043,'TE',13),(1243,48,1060,'-',13),(1244,48,1070,'22437',13),(1248,48,1043,'TP',15),(1249,48,1060,'-',15),(1250,48,1070,'22439',15),(1251,49,1011,'STUDY',1),(1252,49,1060,'Study Name',1),(1253,49,1070,'8005',1),(1254,49,1012,'TITLE',2),(1255,49,1060,'Title assigned',2),(1256,49,1070,'8007',2),(1257,49,1010,'STUDY_OBJECTIVE',3),(1258,49,1060,'Objective of the study',3),(1259,49,1070,'8030',3),(1260,49,8030,'-',3),(1261,49,1010,'STUDY_TYPE',4),(1262,49,1060,'Study Type',4),(1263,49,1070,'8070',4),(1264,49,8070,'10030',4),(1265,49,1010,'START_DATE',5),(1266,49,1060,'Study start date',5),(1267,49,1070,'8050',5),(1268,49,8050,'2008',5),(1269,49,1010,'START_DATE',6),(1270,49,1060,'Study start date',6),(1271,49,1070,'8060',6),(1272,49,8060,'2008',6),(1273,50,1020,'LOC',1),(1274,50,1060,'Location Name',1),(1275,50,1070,'8180',1),(1276,50,1020,'LOCID',2),(1277,50,1060,'IGnIS Location ID',2),(1278,50,1070,'8190',2),(1279,50,1041,'GID',3),(1280,50,1060,'Germplasm Identifier',3),(1281,50,1070,'8240',3),(1282,50,1041,'REP',4),(1283,50,1060,'Replication',4),(1284,50,1070,'8210',4),(1285,50,1041,'TREATMENT',5),(1286,50,1060,'-',5),(1287,50,1070,'22384',5),(1288,50,1041,'DESIGNATION',6),(1289,50,1060,'Name of the germplasm',6),(1290,50,1070,'8250',6),(1291,50,1041,'BLOCK',7),(1292,50,1060,'-',7),(1293,50,1070,'8220',7),(1294,50,1041,'ENTNO',8),(1295,50,1060,'Entry Number',8),(1296,50,1070,'8230',8),(1297,50,1041,'PLOT',9),(1298,50,1060,'-',9),(1299,50,1070,'8200',9),(1300,50,1041,'ROW',10),(1301,50,1060,'-',10),(1302,50,1070,'22381',10),(1303,50,1043,'FPS',11),(1304,50,1060,NULL,11),(1305,50,1070,'18070',11),(1306,50,1043,'HI',12),(1307,50,1060,'Proportion of grain yield over total bimass yield, expressed as a percentage.',12),(1308,50,1070,'22396',12),(1309,50,1043,'PW',13),(1310,50,1060,'Weight of pods from a plant grown in the pot or field.',13),(1311,50,1070,'22405',13),(1312,50,1043,'PW',14),(1313,50,1060,'Weight of pods from a plant grown in the pot or field.',14),(1314,50,1070,'22405',14),(1315,50,1043,'PW',15),(1316,50,1060,'Weight of pods from a plant grown in the pot or field.',15),(1317,50,1070,'22405',15),(1318,50,1043,'SDWT',16),(1319,50,1060,NULL,16),(1320,50,1070,'18110',16),(1321,50,1043,'VG',17),(1322,50,1060,NULL,17),(1323,50,1070,'22441',17),(1324,51,1011,'STUDY',1),(1325,51,1060,'Study Name',1),(1326,51,1070,'8005',1),(1327,51,1012,'TITLE',2),(1328,51,1060,'Title assigned',2),(1329,51,1070,'8007',2),(1330,51,1010,'STUDY_OBJECTIVE',3),(1331,51,1060,'Objective of the study',3),(1332,51,1070,'8030',3),(1333,51,8030,'-',3),(1334,51,1010,'STUDY_TYPE',4),(1335,51,1060,'Study Type',4),(1336,51,1070,'8070',4),(1337,51,8070,'10030',4),(1338,51,1010,'START_DATE',5),(1339,51,1060,'Study start date',5),(1340,51,1070,'8050',5),(1341,51,8050,'2004',5),(1342,51,1010,'START_DATE',6),(1343,51,1060,'Study start date',6),(1344,51,1070,'8060',6),(1345,51,8060,'2004',6),(1346,52,1020,'LOCID',1),(1347,52,1060,'IGnIS Location ID',1),(1348,52,1070,'8190',1),(1349,52,1020,'LOC',2),(1350,52,1060,'Location Name',2),(1351,52,1070,'8180',2),(1352,52,1041,'DESIGNATION',3),(1353,52,1060,'-',3),(1354,52,1070,'8250',3),(1355,52,1041,'ENTNO',4),(1356,52,1060,'Entry Number',4),(1357,52,1070,'8230',4),(1358,52,1041,'GID',5),(1359,52,1060,'-',5),(1360,52,1070,'8240',5),(1361,52,1043,'D13C',6),(1362,52,1060,NULL,6),(1363,52,1070,'22388',6),(1364,52,1043,'SLA-H',7),(1365,52,1060,NULL,7),(1366,52,1070,'22418',7),(1367,52,1043,'SLA-P',8),(1368,52,1060,NULL,8),(1369,52,1070,'22419',8),(1370,52,1043,'SPAD-7',9),(1371,52,1060,NULL,9),(1372,52,1070,'22425',9),(1373,52,1043,'SPAD-H',10),(1374,52,1060,NULL,10),(1375,52,1070,'22426',10),(1376,52,1043,'SPAD-P',11),(1377,52,1060,NULL,11),(1378,52,1070,'22427',11),(1379,52,1043,'SPAD-S',12),(1380,52,1060,NULL,12),(1381,52,1070,'22428',12),(1382,52,1043,'TE',13),(1383,52,1060,'The amount of water used for the amount of biomass production',13),(1384,52,1070,'22437',13),(1388,52,1043,'TP',15),(1389,52,1060,'The amount of water transpired by leaf stomata',15),(1390,52,1070,'22439',15),(1391,53,1011,'STUDY',1),(1392,53,1060,'Study Name',1),(1393,53,1070,'8005',1),(1394,53,1012,'TITLE',2),(1395,53,1060,'Title assigned',2),(1396,53,1070,'8007',2),(1397,53,1010,'STUDY_OBJECTIVE',3),(1398,53,1060,'Objective of the study',3),(1399,53,1070,'8030',3),(1400,53,8030,'-',3),(1401,53,1010,'STUDY_TYPE',4),(1402,53,1060,'Study Type',4),(1403,53,1070,'8070',4),(1404,53,8070,'10030',4),(1405,53,1010,'START_DATE',5),(1406,53,1060,'Study start date',5),(1407,53,1070,'8050',5),(1408,53,8050,'2005',5),(1409,53,1010,'START_DATE',6),(1410,53,1060,'Study start date',6),(1411,53,1070,'8060',6),(1412,53,8060,'2005',6),(1413,54,1020,'LOCID',1),(1414,54,1060,'IGnIS Location ID',1),(1415,54,1070,'8190',1),(1416,54,1020,'LOC',2),(1417,54,1060,'Location Name',2),(1418,54,1070,'8180',2),(1419,54,1041,'DESIGNATION',3),(1420,54,1060,'-',3),(1421,54,1070,'8250',3),(1422,54,1041,'ENTNO',4),(1423,54,1060,'Entry Number',4),(1424,54,1070,'8230',4),(1425,54,1041,'GID',5),(1426,54,1060,'-',5),(1427,54,1070,'8240',5),(1428,54,1043,'SLA-H',6),(1429,54,1060,NULL,6),(1430,54,1070,'22418',6),(1431,54,1043,'SLA-P',7),(1432,54,1060,NULL,7),(1433,54,1070,'22419',7),(1434,54,1043,'SPAD1',8),(1435,54,1060,NULL,8),(1436,54,1070,'22421',8),(1437,54,1043,'SPAD2',9),(1438,54,1060,NULL,9),(1439,54,1070,'22422',9),(1440,54,1043,'SPAD3',10),(1441,54,1060,NULL,10),(1442,54,1070,'22423',10),(1443,54,1043,'SPAD4',11),(1444,54,1060,NULL,11),(1445,54,1070,'22424',11),(1449,54,1043,'TE',13),(1450,54,1060,'The amount of water used for the amount of biomass production',13),(1451,54,1070,'22437',13),(1452,54,1043,'TP',14),(1453,54,1060,'The amount of water transpired by leaf stomata',14),(1454,54,1070,'22439',14),(1455,55,1011,'STUDY',1),(1456,55,1060,'Study Name',1),(1457,55,1070,'8005',1),(1458,55,1012,'TITLE',2),(1459,55,1060,'Title assigned',2),(1460,55,1070,'8007',2),(1461,55,1010,'STUDY_OBJECTIVE',3),(1462,55,1060,'Objective of the study',3),(1463,55,1070,'8030',3),(1464,55,8030,'-',3),(1465,55,1010,'STUDY_TYPE',4),(1466,55,1060,'Study Type',4),(1467,55,1070,'8070',4),(1468,55,8070,'10030',4),(1469,55,1010,'START_DATE',5),(1470,55,1060,'Study start date',5),(1471,55,1070,'8050',5),(1472,55,8050,'2008',5),(1473,55,1010,'START_DATE',6),(1474,55,1060,'Study start date',6),(1475,55,1070,'8060',6),(1476,55,8060,'2008',6),(1477,56,1020,'LOC',1),(1478,56,1060,'Location Name',1),(1479,56,1070,'8180',1),(1480,56,1020,'LOCID',2),(1481,56,1060,'IGnIS Location ID',2),(1482,56,1070,'8190',2),(1483,56,1041,'GID',3),(1484,56,1060,'-',3),(1485,56,1070,'8240',3),(1486,56,1041,'TREATMENT',4),(1487,56,1060,'-',4),(1488,56,1070,'22384',4),(1489,56,1041,'DESIGNATION',5),(1490,56,1060,'-',5),(1491,56,1070,'8250',5),(1492,56,1041,'ENTNO',6),(1493,56,1060,'Entry Number',6),(1494,56,1070,'8230',6),(1495,56,1041,'REP',7),(1496,56,1060,'-',7),(1497,56,1070,'8210',7),(1498,56,1043,'SHWT',8),(1499,56,1060,'-',8),(1500,56,1070,'22416',8),(1501,56,1043,'TE',9),(1502,56,1060,'The amount of water used for the amount of biomass production',9),(1503,56,1070,'22437',9),(1507,56,1043,'TP',11),(1508,56,1060,'The amount of water transpired by leaf stomata',11),(1509,56,1070,'22439',11),(1990,6,1041,'ENTNO',4),(1991,6,1060,'ENTNO',4),(1992,6,1070,'8230',4),(1993,6,1042,'GID',5),(1994,6,1060,'GID',5),(1995,6,1070,'8240',5),(1996,6,1060,'DESIGNATION',6),(1997,6,1046,'DESIGNATION',6),(1998,6,1070,'8250',6),(1999,6,1020,'LOC',7),(2000,6,1060,'LOC',7),(2001,6,1070,'8180',7),(2002,6,1020,'LOCID',8),(2003,6,1060,'LOCID',8),(2004,6,1070,'8190',8),(2005,6,1030,'TREATMENT',15),(2006,6,1070,'22384',15),(2007,6,1060,'TREATMENT',15),(2008,8,1060,'ENTNO',4),(2009,8,1041,'ENTNO',4),(2010,8,1070,'8230',4),(2011,8,1060,'GID',5),(2012,8,1070,'8240',5),(2013,8,1042,'GID',5),(2014,8,1070,'8250',6),(2015,8,1046,'DESIGNATION',6),(2016,8,1060,'DESIGNATION',6),(2017,8,1020,'LOC',7),(2018,8,1070,'8180',7),(2019,8,1060,'LOC',7),(2020,8,1070,'8190',8),(2021,8,1020,'LOCID',8),(2022,8,1060,'LOCID',8),(2023,10,1041,'ENTNO',4),(2024,10,1060,'ENTNO',4),(2025,10,1070,'8230',4),(2026,10,1060,'GID',5),(2027,10,1042,'GID',5),(2028,10,1070,'8240',5),(2029,10,1046,'DESIGNATION',6),(2030,10,1060,'DESIGNATION',6),(2031,10,1070,'8250',6),(2032,10,1070,'8180',7),(2033,10,1060,'LOC',7),(2034,10,1020,'LOC',7),(2035,10,1070,'8190',8),(2036,10,1020,'LOCID',8),(2037,10,1060,'LOCID',8),(2038,12,1060,'ENTNO',4),(2039,12,1070,'8230',4),(2040,12,1041,'ENTNO',4),(2041,12,1042,'GID',5),(2042,12,1060,'GID',5),(2043,12,1070,'8240',5),(2044,12,1070,'8250',6),(2045,12,1060,'DESIGNATION',6),(2046,12,1046,'DESIGNATION',6),(2047,12,1070,'8180',7),(2048,12,1060,'LOC',7),(2049,12,1020,'LOC',7),(2050,12,1070,'8190',8),(2051,12,1060,'LOCID',8),(2052,12,1020,'LOCID',8),(2053,12,1060,'TREATMENT',15),(2054,12,1030,'TREATMENT',15),(2055,12,1070,'22384',15),(2056,14,1070,'8230',4),(2057,14,1041,'ENTNO',4),(2058,14,1060,'ENTNO',4),(2059,14,1070,'8240',5),(2060,14,1060,'GID',5),(2061,14,1042,'GID',5),(2062,14,1046,'DESIGNATION',6),(2063,14,1070,'8250',6),(2064,14,1060,'DESIGNATION',6),(2065,14,1070,'8180',7),(2066,14,1020,'LOC',7),(2067,14,1060,'LOC',7),(2068,14,1060,'LOCID',8),(2069,14,1070,'8190',8),(2070,14,1020,'LOCID',8),(2071,14,1070,'22384',15),(2072,14,1060,'TREATMENT',15),(2073,14,1030,'TREATMENT',15),(2074,16,1060,'ENTNO',4),(2075,16,1070,'8230',4),(2076,16,1041,'ENTNO',4),(2077,16,1060,'GID',5),(2078,16,1070,'8240',5),(2079,16,1042,'GID',5),(2080,16,1070,'8250',6),(2081,16,1060,'DESIGNATION',6),(2082,16,1046,'DESIGNATION',6),(2083,16,1070,'8180',7),(2084,16,1020,'LOC',7),(2085,16,1060,'LOC',7),(2086,16,1060,'LOCID',8),(2087,16,1070,'8190',8),(2088,16,1020,'LOCID',8),(2089,18,1021,'TRIAL',14),(2090,18,1060,'TRIAL',14),(2091,18,1070,'8170',14),(2092,18,1070,'22380',28),(2093,18,1020,'DATE',28),(2094,18,1060,'DATE',28),(2095,18,1060,'STD WEEK',29),(2096,18,1070,'22383',29),(2097,18,1020,'STD WEEK',29),(2098,20,1060,'TRIAL',14),(2099,20,1070,'8170',14),(2100,20,1021,'TRIAL',14),(2101,20,1060,'DATE',28),(2102,20,1070,'22380',28),(2103,20,1020,'DATE',28),(2104,20,1020,'STD WEEK',29),(2105,20,1070,'22383',29),(2106,20,1060,'STD WEEK',29),(2107,22,1021,'TRIAL',16),(2108,22,1060,'TRIAL',16),(2109,22,1070,'8170',16),(2110,22,1070,'22380',30),(2111,22,1060,'DATE',30),(2112,22,1020,'DATE',30),(2113,22,1070,'22383',31),(2114,22,1020,'STD WEEK',31),(2115,22,1060,'STD WEEK',31),(2116,24,1060,'TRIAL',16),(2117,24,1021,'TRIAL',16),(2118,24,1070,'8170',16),(2119,24,1020,'DATE',30),(2120,24,1060,'DATE',30),(2121,24,1070,'22380',30),(2122,24,1020,'STD WEEK',31),(2123,24,1070,'22383',31),(2124,24,1060,'STD WEEK',31),(2125,26,1060,'ENTNO',7),(2126,26,1041,'ENTNO',7),(2127,26,1070,'8230',7),(2128,26,1042,'GID',8),(2129,26,1060,'GID',8),(2130,26,1070,'8240',8),(2131,26,1060,'DESIGNATION',9),(2132,26,1070,'8250',9),(2133,26,1046,'DESIGNATION',9),(2134,26,1070,'8180',10),(2135,26,1060,'LOC',10),(2136,26,1020,'LOC',10),(2137,26,1020,'LOCID',11),(2138,26,1060,'LOCID',11),(2139,26,1070,'8190',11),(2140,26,1060,'TREATMENT',18),(2141,26,1030,'TREATMENT',18),(2142,26,1070,'22384',18),(3001,3001,1010,'STUDY_BM_CODE',2),(3002,3001,1060,'Breeding method applied to all plots in a study (CODE)',2),(3003,3001,1070,'8251',2),(3004,3001,1011,'STUDY_NAME',3),(3005,3001,1060,'Study - assigned (DBCV)',3),(3006,3001,1070,'8005',3),(3007,3001,1012,'STUDY_TITLE',4),(3008,3001,1060,'Study title - assigned (text)',4),(3009,3001,1070,'8007',4),(3010,3001,1010,'START_DATE',5),(3011,3001,1060,'Start date - assigned (date)',5),(3012,3001,1070,'8050',5),(3013,3001,1010,'STUDY_OBJECTIVE',6),(3014,3001,1060,'Objective - described (text)',6),(3015,3001,1070,'8030',6),(3016,3001,1010,'END_DATE',7),(3017,3001,1060,'End date - assigned (date)',7),(3018,3001,1070,'8060',7),(3019,3001,1010,'Study_UID',8),(3020,3001,1060,'ID of the user entering the study data - assigned (DBID)',8),(3021,3001,1070,'8020',8),(3022,3001,1010,'STUDY_UPDATE',9),(3023,3001,1060,'Date the study was last updated - assigned (YYYYMMDD)',9),(3024,3001,1070,'8009',9),(3025,3001,1010,'STUDY_BMETH',10),(3026,3001,1060,'Breeding method applied to all plots (DBCV)',10),(3027,3001,1070,'8256',10),(3028,3001,1021,'TRIAL_INSTANCE',11),(3029,3001,1060,'TRIAL_INSTANCE',11),(3030,3001,1070,'8170',11),(3031,3001,1010,'STUDY_TYPE',1),(3032,3001,1060,'Study type',1),(3033,3001,1070,'8070',1),(3034,3001,8070,'10000',1),(3035,3001,8251,NULL,2),(3036,3001,8050,'20140815',5),(3037,3001,8030,NULL,6),(3038,3001,8060,NULL,7),(3039,3001,8020,'-1',8),(3040,3001,8009,'20140815',9),(3041,3001,8256,NULL,10),(3042,3002,1021,'TRIAL_INSTANCE',4),(3043,3002,1060,'TRIAL_INSTANCE',4),(3044,3002,1070,'8170',4),(3045,3002,1016,'DATASET_NAME',1),(3046,3002,1060,'Dataset name',1),(3047,3002,1070,'8150',1),(3048,3002,1017,'DATASET_TITLE',2),(3049,3002,1060,'Dataset title',2),(3050,3002,1070,'8155',2),(3051,3002,1015,'DATASET_TYPE',3),(3052,3002,1060,'Dataset type',3),(3053,3002,1070,'8160',3),(3054,3002,8160,'10080',3),(3055,3003,1021,'TRIAL_INSTANCE',4),(3056,3003,1060,'TRIAL_INSTANCE',4),(3057,3003,1070,'8170',4),(3058,3003,1016,'DATASET_NAME',1),(3059,3003,1060,'Dataset name',1),(3060,3003,1070,'8150',1),(3061,3003,1017,'DATASET_TITLE',2),(3062,3003,1060,'Dataset title',2),(3063,3003,1070,'8155',2),(3064,3003,1015,'DATASET_TYPE',3),(3065,3003,1060,'Dataset type',3),(3066,3003,1070,'8160',3),(3067,3003,1041,'ENTRY_NO',5),(3068,3003,1060,'Germplasm entry - enumerated (number)',5),(3069,3003,1070,'8230',5),(3070,3003,1046,'DESIGNATION',6),(3071,3003,1060,'Germplasm identifier - assigned (DBCV)',6),(3072,3003,1070,'8250',6),(3073,3003,1040,'CROSS',7),(3074,3003,1060,'The pedigree string of the germplasm',7),(3075,3003,1070,'8377',7),(3076,3003,1042,'GID',8),(3077,3003,1060,'Germplasm identifier - assigned (DBID)',8),(3078,3003,1070,'8240',8),(3079,3003,1030,'PLOT_NO',9),(3080,3003,1060,'Field plot - enumerated (number)',9),(3081,3003,1070,'8200',9),(3082,3003,1040,'SOURCE',10),(3083,3003,1060,'The seed source of the germplasm - selected (Name)',10),(3084,3003,1070,'8378',10),(3085,3003,1043,'Days_to_harvest',11),(3086,3003,1060,'Days to harvest - count days after sowing (number)',11),(3087,3003,1070,'18130',11),(3088,3003,1043,'DF',12),(3089,3003,1060,'Days to flower of 75% genotype',12),(3090,3003,1070,'22455',12),(3091,3003,1043,'FSD',13),(3092,3003,1060,'Duration of seed dormancy',13),(3093,3003,1070,'22462',13),(3094,3003,1043,'HI',14),(3095,3003,1060,'HI',14),(3096,3003,1070,'22396',14),(3097,3003,1043,'HSWG',15),(3098,3003,1060,'Measurement in grams of 100 well-developed whole air-dried seeds',15),(3099,3003,1070,'22467',15),(3100,3003,1043,'KYP',16),(3101,3003,1060,'Kernel yield of plants',16),(3102,3003,1070,'22471',16),(3103,3003,1043,'SM_pct',17),(3104,3003,1060,'Proportion of mature seed to total seed weight as a percentage',17),(3105,3003,1070,'22490',17),(3106,3003,1043,'NOTES',18),(3107,3003,1060,'Field notes - observed (text)',18),(3108,3003,1070,'8390',18),(3109,3003,1043,'NPSEL',19),(3110,3003,1060,'Number of plants selected - counted (number)',19),(3111,3003,1070,'8263',19),(3112,3003,8160,'10090',3),(3113,3004,1011,'STUDY_NAME',2),(3114,3004,1060,'Study - assigned (DBCV)',2),(3115,3004,1070,'8005',2),(3116,3004,1012,'STUDY_TITLE',3),(3117,3004,1060,'Study title - assigned (text)',3),(3118,3004,1070,'8007',3),(3119,3004,1010,'STUDY_OBJECTIVE',4),(3120,3004,1060,'Objective - described (text)',4),(3121,3004,1070,'8030',4),(3122,3004,1010,'START_DATE',5),(3123,3004,1060,'Start date - assigned (date)',5),(3124,3004,1070,'8050',5),(3125,3004,1010,'END_DATE',6),(3126,3004,1060,'End date - assigned (date)',6),(3127,3004,1070,'8060',6),(3128,3004,1010,'STUDY_UID',7),(3129,3004,1060,'ID of the user entering the study data - assigned (DBID)',7),(3130,3004,1070,'8020',7),(3131,3004,1010,'STUDY_TYPE',1),(3132,3004,1060,'Study type',1),(3133,3004,1070,'8070',1),(3134,3004,8070,'10010',1),(3135,3004,8030,NULL,4),(3136,3004,8050,'20140815',5),(3137,3004,8060,NULL,6),(3138,3004,8020,'-1',7),(3139,3005,1021,'TRIAL_INSTANCE',4),(3140,3005,1060,'Trial instance - enumerated (number)',4),(3141,3005,1070,'8170',4),(3142,3005,1020,'SITE_CODE',5),(3143,3005,1060,'Site code - assigned (text)',5),(3144,3005,1070,'8195',5),(3145,3005,1020,'SITE_NAME',6),(3146,3005,1060,'Site name - Assigned (text)',6),(3147,3005,1070,'8196',6),(3148,3005,1020,'COOPERATOR_ID_ID',7),(3149,3005,1060,'COOPERATOR ID -Assigned (DBID)',7),(3150,3005,1070,'8372',7),(3151,3005,1020,'COOPERATOR_ID',8),(3152,3005,1060,'COOPERATOR NAME',8),(3153,3005,1070,'8373',8),(3154,3005,1043,'SITE_SOIL_PH',9),(3155,3005,1060,'Soil acidity - ph meter (pH)',9),(3156,3005,1070,'8270',9),(3157,3005,1016,'DATASET_NAME',1),(3158,3005,1060,'Dataset name',1),(3159,3005,1070,'8150',1),(3160,3005,1017,'DATASET_TITLE',2),(3161,3005,1060,'Dataset title',2),(3162,3005,1070,'8155',2),(3163,3005,1015,'DATASET_TYPE',3),(3164,3005,1060,'Dataset type',3),(3165,3005,1070,'8160',3),(3166,3005,8160,'10080',3),(3167,3006,1021,'TRIAL_INSTANCE',4),(3168,3006,1060,'Trial instance - enumerated (number)',4),(3169,3006,1070,'8170',4),(3170,3006,1020,'SITE_CODE',5),(3171,3006,1060,'Site code - assigned (text)',5),(3172,3006,1070,'8195',5),(3173,3006,1020,'SITE_NAME',6),(3174,3006,1060,'Site name - Assigned (text)',6),(3175,3006,1070,'8196',6),(3176,3006,1020,'COOPERATOR_ID_ID',7),(3177,3006,1060,'COOPERATOR ID -Assigned (DBID)',7),(3178,3006,1070,'8372',7),(3179,3006,1020,'COOPERATOR_ID',8),(3180,3006,1060,'COOPERATOR NAME',8),(3181,3006,1070,'8373',8),(3182,3006,1043,'SITE_SOIL_PH',9),(3183,3006,1060,'Soil acidity - ph meter (pH)',9),(3184,3006,1070,'8270',9),(3185,3006,1016,'DATASET_NAME',1),(3186,3006,1060,'Dataset name',1),(3187,3006,1070,'8150',1),(3188,3006,1017,'DATASET_TITLE',2),(3189,3006,1060,'Dataset title',2),(3190,3006,1070,'8155',2),(3191,3006,1015,'DATASET_TYPE',3),(3192,3006,1060,'Dataset type',3),(3193,3006,1070,'8160',3),(3194,3006,1040,'ENTRY_TYPE',10),(3195,3006,1060,'Entry type (test/check)- assigned (type)',10),(3196,3006,1070,'8255',10),(3197,3006,1042,'GID',11),(3198,3006,1060,'Germplasm identifier - assigned (DBID)',11),(3199,3006,1070,'8240',11),(3200,3006,1046,'DESIGNATION',12),(3201,3006,1060,'Germplasm identifier - assigned (DBCV)',12),(3202,3006,1070,'8250',12),(3203,3006,1041,'ENTRY_NO',13),(3204,3006,1060,'Germplasm entry - enumerated (number)',13),(3205,3006,1070,'8230',13),(3206,3006,1043,'B',14),(3207,3006,1060,'Prominence of  pod tip (beak)',14),(3208,3006,1070,'22447',14),(3209,3006,1043,'BH',15),(3210,3006,1060,'A qualitative description of the branch habit of the plant, whether number of branches/architecture-erect/semi-erect/prostrate/spreading/semi-spreading',15),(3211,3006,1070,'22448',15),(3212,3006,1043,'BM',16),(3213,3006,1060,'BM',16),(3214,3006,1070,'22386',16),(3215,3006,1043,'BPP',17),(3216,3006,1060,'Number of branches per plant',17),(3217,3006,1070,'22450',17),(3218,3006,1043,'CG',18),(3219,3006,1060,'Collection of genotypes belonging to same group',18),(3220,3006,1070,'22451',18),(3221,3006,1043,'Con',19),(3222,3006,1060,'Visual Shape of pod',19),(3223,3006,1070,'22452',19),(3224,3006,1043,'D13C',20),(3225,3006,1060,'D13C',20),(3226,3006,1070,'22388',20),(3227,3006,1043,'DE',21),(3228,3006,1060,'Visual score of 75% emergence',21),(3229,3006,1070,'22454',21),(3230,3006,1043,'DF',22),(3231,3006,1060,'Days to flower of 75% genotype',22),(3232,3006,1070,'22455',22),(3233,3006,1043,'Days_to_harvest',23),(3234,3006,1060,'Days to harvest - count days after sowing (number)',23),(3235,3006,1070,'18130',23),(3236,3006,1043,'DRO',24),(3237,3006,1060,'DRO',24),(3238,3006,1070,'22389',24),(3239,3006,1043,'DS',25),(3240,3006,1060,'Visual severity rating for plants infected with leafspots and/or rust',25),(3241,3006,1070,'22458',25),(3242,3006,1043,'FC',26),(3243,3006,1060,'A qualitative trait indicating flower color to be dark yellow/yellow border with brown, orange, garnet, white',26),(3244,3006,1070,'22459',26),(3245,3006,1043,'FCC',27),(3246,3006,1060,'A qualitative trait indicating flower color to be white, yellow, red, purple',27),(3247,3006,1070,'22460',27),(3248,3006,1043,'Plant_stand',28),(3249,3006,1060,'Plant stand - count (number)',28),(3250,3006,1070,'18070',28),(3251,3006,1043,'FSD',29),(3252,3006,1060,'Duration of seed dormancy',29),(3253,3006,1070,'22462',29),(3254,3006,1043,'GH',30),(3255,3006,1060,'A qualitative description of the growth habit of the plant, whether erect/semi-erect/prostrate/spreading/semi-spreading',30),(3256,3006,1070,'22463',30),(3257,3006,1043,'HI',31),(3258,3006,1060,'HI',31),(3259,3006,1070,'22396',31),(3260,3006,1043,'HM',32),(3261,3006,1060,'A qualitative trait describing density of hairs on main stem',32),(3262,3006,1070,'22465',32),(3263,3006,1043,'HML',33),(3264,3006,1060,'A qualitative trait describing density of hairs on leaf',33),(3265,3006,1070,'22466',33),(3266,3006,1043,'HSWG',34),(3267,3006,1060,'Measurement in grams of 100 well-developed whole air-dried seeds',34),(3268,3006,1070,'22467',34),(3269,3006,1043,'HYLD',35),(3270,3006,1060,'Haulm yield',35),(3271,3006,1070,'22468',35),(3272,3006,1043,'IPS',36),(3273,3006,1060,'Visual score of insect pest damage',36),(3274,3006,1070,'22469',36),(3275,3006,1043,'KYLD-St',37),(3276,3006,1060,'Kernel yield of plants under stress',37),(3277,3006,1070,'22470',37),(3278,3006,1043,'KYP',38),(3279,3006,1060,'Kernel yield of plants',38),(3280,3006,1070,'22471',38),(3281,3006,1043,'LC',39),(3282,3006,1060,'A Qualitative expression of leaf colour',39),(3283,3006,1070,'22472',39),(3284,3006,1043,'LS',40),(3285,3006,1060,'A Quantitative expression of mass of the leaf',40),(3286,3006,1070,'22473',40),(3287,3006,1043,'LSp',41),(3288,3006,1060,'Visual apperance of leaf architecture',41),(3289,3006,1070,'22474',41),(3290,3006,1043,'MSP',42),(3291,3006,1060,'Color of wing petal',42),(3292,3006,1070,'22475',42),(3293,3006,1043,'O_pct',43),(3294,3006,1060,'Percent of oil content from seeds.',43),(3295,3006,1070,'22476',43),(3296,3006,1043,'PEGNo',44),(3297,3006,1060,'Number of pegs per plant grown in the pot or field',44),(3298,3006,1070,'22478',44),(3299,3006,1043,'PN',45),(3300,3006,1060,'PN',45),(3301,3006,1070,'22403',45),(3302,3006,1043,'PP',46),(3303,3006,1060,'A qualitative trait indicating the extent of cytokinins pigmentation in the peg',46),(3304,3006,1070,'22480',46),(3305,3006,1043,'Ps',47),(3306,3006,1060,'Length of pod in cm',47),(3307,3006,1070,'22481',47),(3308,3006,1043,'PW',48),(3309,3006,1060,'PW',48),(3310,3006,1070,'22405',48),(3311,3006,1043,'PYG',49),(3312,3006,1060,'Weight of pods from a unit plot',49),(3313,3006,1070,'22483',49),(3314,3006,1043,'PYLD-St',50),(3315,3006,1060,'Pod yield of plants under stress',50),(3316,3006,1070,'22484',50),(3317,3006,1043,'RL',51),(3318,3006,1060,'Texture of the pod surface',51),(3319,3006,1070,'22486',51),(3320,3006,1043,'R',52),(3321,3006,1060,'Prominence of pod ridge',52),(3322,3006,1070,'22485',52),(3323,3006,1043,'SAU',53),(3324,3006,1060,'Visual scoring of the appearance of seeds and their uniformity',53),(3325,3006,1070,'22487',53),(3326,3006,1043,'SC',54),(3327,3006,1060,'A qualitative trait indicating seed coat color',54),(3328,3006,1070,'22488',54),(3329,3006,1043,'SH_pct',55),(3330,3006,1060,'Proportion of kernel weight to total pod weight expressed as a %',55),(3331,3006,1070,'22489',55),(3332,3006,1043,'SM_pct',56),(3333,3006,1060,'Proportion of mature seed to total seed weight as a percentage',56),(3334,3006,1070,'22490',56),(3335,3006,1043,'SP',57),(3336,3006,1060,'A qualitative trait indicating the extent of anthocyanin pigmentation in the plant',57),(3337,3006,1070,'22491',57),(3338,3006,1043,'SPAD-7',58),(3339,3006,1060,'SPAD-7',58),(3340,3006,1070,'22425',58),(3341,3006,1043,'SPAD-H',59),(3342,3006,1060,'SPAD-H',59),(3343,3006,1070,'22426',59),(3344,3006,1043,'SPAD-S',60),(3345,3006,1060,'SPAD-S',60),(3346,3006,1070,'22428',60),(3347,3006,1043,'SPP',61),(3348,3006,1060,'Number of seeds per pod',61),(3349,3006,1070,'22495',61),(3350,3006,1043,'SS',62),(3351,3006,1060,'A qualitative trait indicating seed size',62),(3352,3006,1070,'22496',62),(3353,3006,1043,'ST',63),(3354,3006,1060,'A qualitative assessment of pod thickness',63),(3355,3006,1070,'22497',63),(3356,3006,1043,'TE',64),(3357,3006,1060,'TE',64),(3358,3006,1070,'22437',64),(3359,3006,1043,'TP',65),(3360,3006,1060,'TP',65),(3361,3006,1070,'22439',65),(3362,3006,1043,'NOTES',66),(3363,3006,1060,'Field notes - observed (text)',66),(3364,3006,1070,'8390',66),(3365,3006,1043,'P_pct',67),(3366,3006,1060,'Percent of N protein in total protein content',67),(3367,3006,1070,'22477',67),(3368,3006,8160,'10090',3);
/*!40000 ALTER TABLE `projectprop` ENABLE KEYS */;
UNLOCK TABLES;
